jyocd,01,21614
jyocd,02,21621
jyocd,03,18706
jyocd,04,20942
jyocd,05,21344
jyocd,06,22891
jyocd,07,21534
jyocd,08,23093
jyocd,09,21779
jyocd,10,21442
jyocd,11,19418
jyocd,12,20175
jyocd,13,21033
jyocd,14,16696
jyocd,15,21971
jyocd,16,21941
jyocd,17,20701
jyocd,18,21008
jyocd,19,20887
jyocd,20,22209
jyocd,21,21949
jyocd,22,21853
jyocd,23,21581
jyocd,24,21152
jyocd+alevelcount,01_0,736
jyocd+alevelcount,01_1,4283
jyocd+alevelcount,01_2,4461
jyocd+alevelcount,01_3,5761
jyocd+alevelcount,01_4,3492
jyocd+alevelcount,01_5,889
jyocd+alevelcount,01_6,1992
jyocd+alevelcount,02_0,2766
jyocd+alevelcount,02_1,3701
jyocd+alevelcount,02_2,3627
jyocd+alevelcount,02_3,1564
jyocd+alevelcount,02_4,8519
jyocd+alevelcount,02_5,831
jyocd+alevelcount,02_6,613
jyocd+alevelcount,03_0,2825
jyocd+alevelcount,03_1,1465
jyocd+alevelcount,03_2,4343
jyocd+alevelcount,03_3,5973
jyocd+alevelcount,03_4,3248
jyocd+alevelcount,03_5,364
jyocd+alevelcount,03_6,488
jyocd+alevelcount,04_0,1482
jyocd+alevelcount,04_1,3743
jyocd+alevelcount,04_2,2856
jyocd+alevelcount,04_3,5355
jyocd+alevelcount,04_4,5765
jyocd+alevelcount,04_5,1004
jyocd+alevelcount,04_6,737
jyocd+alevelcount,05_0,1851
jyocd+alevelcount,05_1,2728
jyocd+alevelcount,05_2,3869
jyocd+alevelcount,05_3,5562
jyocd+alevelcount,05_4,5459
jyocd+alevelcount,05_5,1018
jyocd+alevelcount,05_6,857
jyocd+alevelcount,06_0,1691
jyocd+alevelcount,06_1,3017
jyocd+alevelcount,06_2,2477
jyocd+alevelcount,06_3,8474
jyocd+alevelcount,06_4,5504
jyocd+alevelcount,06_5,941
jyocd+alevelcount,06_6,787
jyocd+alevelcount,07_0,2844
jyocd+alevelcount,07_1,1380
jyocd+alevelcount,07_2,2583
jyocd+alevelcount,07_3,7600
jyocd+alevelcount,07_4,4824
jyocd+alevelcount,07_5,1486
jyocd+alevelcount,07_6,817
jyocd+alevelcount,08_0,1291
jyocd+alevelcount,08_1,2742
jyocd+alevelcount,08_2,4118
jyocd+alevelcount,08_3,9514
jyocd+alevelcount,08_4,2876
jyocd+alevelcount,08_5,1105
jyocd+alevelcount,08_6,1447
jyocd+alevelcount,09_0,1505
jyocd+alevelcount,09_1,3611
jyocd+alevelcount,09_2,2608
jyocd+alevelcount,09_3,6951
jyocd+alevelcount,09_4,4394
jyocd+alevelcount,09_5,1980
jyocd+alevelcount,09_6,730
jyocd+alevelcount,10_0,640
jyocd+alevelcount,10_1,2595
jyocd+alevelcount,10_2,5088
jyocd+alevelcount,10_3,7535
jyocd+alevelcount,10_4,3495
jyocd+alevelcount,10_5,1369
jyocd+alevelcount,10_6,720
jyocd+alevelcount,11_0,992
jyocd+alevelcount,11_1,2143
jyocd+alevelcount,11_2,4633
jyocd+alevelcount,11_3,6167
jyocd+alevelcount,11_4,3489
jyocd+alevelcount,11_5,1321
jyocd+alevelcount,11_6,673
jyocd+alevelcount,12_0,1234
jyocd+alevelcount,12_1,2262
jyocd+alevelcount,12_2,5043
jyocd+alevelcount,12_3,5141
jyocd+alevelcount,12_4,3299
jyocd+alevelcount,12_5,1861
jyocd+alevelcount,12_6,1335
jyocd+alevelcount,13_0,1640
jyocd+alevelcount,13_1,2287
jyocd+alevelcount,13_2,4553
jyocd+alevelcount,13_3,5764
jyocd+alevelcount,13_4,3735
jyocd+alevelcount,13_5,1590
jyocd+alevelcount,13_6,1464
jyocd+alevelcount,14_0,896
jyocd+alevelcount,14_1,3096
jyocd+alevelcount,14_2,3390
jyocd+alevelcount,14_3,4506
jyocd+alevelcount,14_4,2527
jyocd+alevelcount,14_5,1330
jyocd+alevelcount,14_6,951
jyocd+alevelcount,15_0,1730
jyocd+alevelcount,15_1,2496
jyocd+alevelcount,15_2,2469
jyocd+alevelcount,15_3,8646
jyocd+alevelcount,15_4,3951
jyocd+alevelcount,15_5,1802
jyocd+alevelcount,15_6,877
jyocd+alevelcount,16_0,1635
jyocd+alevelcount,16_1,3124
jyocd+alevelcount,16_2,3611
jyocd+alevelcount,16_3,5962
jyocd+alevelcount,16_4,4964
jyocd+alevelcount,16_5,1783
jyocd+alevelcount,16_6,862
jyocd+alevelcount,17_0,1841
jyocd+alevelcount,17_1,2723
jyocd+alevelcount,17_2,4510
jyocd+alevelcount,17_3,6170
jyocd+alevelcount,17_4,2685
jyocd+alevelcount,17_5,1219
jyocd+alevelcount,17_6,1553
jyocd+alevelcount,18_0,772
jyocd+alevelcount,18_1,2831
jyocd+alevelcount,18_2,3204
jyocd+alevelcount,18_3,9123
jyocd+alevelcount,18_4,2657
jyocd+alevelcount,18_5,1624
jyocd+alevelcount,18_6,797
jyocd+alevelcount,19_0,1471
jyocd+alevelcount,19_1,2994
jyocd+alevelcount,19_2,4407
jyocd+alevelcount,19_3,5559
jyocd+alevelcount,19_4,3872
jyocd+alevelcount,19_5,1387
jyocd+alevelcount,19_6,1197
jyocd+alevelcount,20_0,1952
jyocd+alevelcount,20_1,3259
jyocd+alevelcount,20_2,3089
jyocd+alevelcount,20_3,5905
jyocd+alevelcount,20_4,5798
jyocd+alevelcount,20_5,1076
jyocd+alevelcount,20_6,1130
jyocd+alevelcount,21_0,1617
jyocd+alevelcount,21_1,2900
jyocd+alevelcount,21_2,5161
jyocd+alevelcount,21_3,5028
jyocd+alevelcount,21_4,3793
jyocd+alevelcount,21_5,2081
jyocd+alevelcount,21_6,1369
jyocd+alevelcount,22_0,494
jyocd+alevelcount,22_1,4657
jyocd+alevelcount,22_2,4449
jyocd+alevelcount,22_3,5094
jyocd+alevelcount,22_4,4821
jyocd+alevelcount,22_5,1561
jyocd+alevelcount,22_6,777
jyocd+alevelcount,23_0,1231
jyocd+alevelcount,23_1,4294
jyocd+alevelcount,23_2,4453
jyocd+alevelcount,23_3,4667
jyocd+alevelcount,23_4,4018
jyocd+alevelcount,23_5,1963
jyocd+alevelcount,23_6,955
jyocd+alevelcount,24_0,1479
jyocd+alevelcount,24_1,3100
jyocd+alevelcount,24_2,5597
jyocd+alevelcount,24_3,4936
jyocd+alevelcount,24_4,2794
jyocd+alevelcount,24_5,1676
jyocd+alevelcount,24_6,1570
jyocd+level1,01_A1,6166
jyocd+level1,01_A2,6014
jyocd+level1,01_B1,8857
jyocd+level1,01_B2,577
jyocd+level1,02_A1,5099
jyocd+level1,02_A2,5689
jyocd+level1,02_B1,10198
jyocd+level1,02_B2,635
jyocd+level1,03_A1,3554
jyocd+level1,03_A2,4675
jyocd+level1,03_B1,9722
jyocd+level1,03_B2,755
jyocd+level1,04_A1,5027
jyocd+level1,04_A2,5244
jyocd+level1,04_B1,10005
jyocd+level1,04_B2,666
jyocd+level1,05_A1,4974
jyocd+level1,05_A2,5557
jyocd+level1,05_B1,10088
jyocd+level1,05_B2,725
jyocd+level1,06_A1,6226
jyocd+level1,06_A2,6565
jyocd+level1,06_B1,9538
jyocd+level1,06_B2,562
jyocd+level1,07_A1,5970
jyocd+level1,07_A2,6244
jyocd+level1,07_B1,8750
jyocd+level1,07_B2,570
jyocd+level1,08_A1,6724
jyocd+level1,08_A2,6790
jyocd+level1,08_B1,9036
jyocd+level1,08_B2,543
jyocd+level1,09_A1,6184
jyocd+level1,09_A2,6258
jyocd+level1,09_B1,8846
jyocd+level1,09_B2,491
jyocd+level1,10_A1,6086
jyocd+level1,10_A2,6552
jyocd+level1,10_B1,8355
jyocd+level1,10_B2,449
jyocd+level1,11_A1,5493
jyocd+level1,11_A2,5587
jyocd+level1,11_B1,7875
jyocd+level1,11_B2,463
jyocd+level1,12_A1,5886
jyocd+level1,12_A2,5587
jyocd+level1,12_B1,8130
jyocd+level1,12_B2,572
jyocd+level1,13_A1,6292
jyocd+level1,13_A2,5738
jyocd+level1,13_B1,8510
jyocd+level1,13_B2,493
jyocd+level1,14_A1,4372
jyocd+level1,14_A2,5070
jyocd+level1,14_B1,6873
jyocd+level1,14_B2,381
jyocd+level1,15_A1,6738
jyocd+level1,15_A2,6542
jyocd+level1,15_B1,8218
jyocd+level1,15_B2,473
jyocd+level1,16_A1,6504
jyocd+level1,16_A2,6336
jyocd+level1,16_B1,8624
jyocd+level1,16_B2,477
jyocd+level1,17_A1,6055
jyocd+level1,17_A2,6154
jyocd+level1,17_B1,7979
jyocd+level1,17_B2,513
jyocd+level1,18_A1,7388
jyocd+level1,18_A2,6037
jyocd+level1,18_B1,7203
jyocd+level1,18_B2,380
jyocd+level1,19_A1,6340
jyocd+level1,19_A2,6809
jyocd+level1,19_B1,7326
jyocd+level1,19_B2,412
jyocd+level1,20_A1,6785
jyocd+level1,20_A2,6942
jyocd+level1,20_B1,8018
jyocd+level1,20_B2,464
jyocd+level1,21_A1,8474
jyocd+level1,21_A2,8214
jyocd+level1,21_B1,5101
jyocd+level1,21_B2,160
jyocd+level1,22_A1,5917
jyocd+level1,22_A2,5689
jyocd+level1,22_B1,9683
jyocd+level1,22_B2,564
jyocd+level1,23_A1,6366
jyocd+level1,23_A2,6441
jyocd+level1,23_B1,8269
jyocd+level1,23_B2,505
jyocd+level1,24_A1,7715
jyocd+level1,24_A2,6577
jyocd+level1,24_B1,6577
jyocd+level1,24_B2,283
jyocd+level12,01_A1-A1,1918
jyocd+level12,01_A1-A2,1485
jyocd+level12,01_A1-B1,2572
jyocd+level12,01_A1-B2,191
jyocd+level12,01_A2-A1,1474
jyocd+level12,01_A2-A2,1342
jyocd+level12,01_A2-B1,3040
jyocd+level12,01_A2-B2,158
jyocd+level12,01_B1-A1,1259
jyocd+level12,01_B1-A2,2637
jyocd+level12,01_B1-B1,4616
jyocd+level12,01_B1-B2,345
jyocd+level12,01_B2-A1,58
jyocd+level12,01_B2-A2,137
jyocd+level12,01_B2-B1,358
jyocd+level12,01_B2-B2,24
jyocd+level12,02_A1-A1,1263
jyocd+level12,02_A1-A2,1150
jyocd+level12,02_A1-B1,2541
jyocd+level12,02_A1-B2,145
jyocd+level12,02_A2-A1,1378
jyocd+level12,02_A2-A2,1506
jyocd+level12,02_A2-B1,2687
jyocd+level12,02_A2-B2,118
jyocd+level12,02_B1-A1,1787
jyocd+level12,02_B1-A2,2669
jyocd+level12,02_B1-B1,5337
jyocd+level12,02_B1-B2,405
jyocd+level12,02_B2-A1,77
jyocd+level12,02_B2-A2,110
jyocd+level12,02_B2-B1,405
jyocd+level12,02_B2-B2,43
jyocd+level12,03_A1-A1,833
jyocd+level12,03_A1-A2,1171
jyocd+level12,03_A1-B1,1481
jyocd+level12,03_A1-B2,69
jyocd+level12,03_A2-A1,927
jyocd+level12,03_A2-A2,997
jyocd+level12,03_A2-B1,2597
jyocd+level12,03_A2-B2,154
jyocd+level12,03_B1-A1,1353
jyocd+level12,03_B1-A2,2404
jyocd+level12,03_B1-B1,5466
jyocd+level12,03_B1-B2,499
jyocd+level12,03_B2-A1,87
jyocd+level12,03_B2-A2,109
jyocd+level12,03_B2-B1,518
jyocd+level12,03_B2-B2,41
jyocd+level12,04_A1-A1,1235
jyocd+level12,04_A1-A2,1456
jyocd+level12,04_A1-B1,2232
jyocd+level12,04_A1-B2,104
jyocd+level12,04_A2-A1,1244
jyocd+level12,04_A2-A2,1333
jyocd+level12,04_A2-B1,2531
jyocd+level12,04_A2-B2,136
jyocd+level12,04_B1-A1,1765
jyocd+level12,04_B1-A2,2573
jyocd+level12,04_B1-B1,5267
jyocd+level12,04_B1-B2,400
jyocd+level12,04_B2-A1,90
jyocd+level12,04_B2-A2,143
jyocd+level12,04_B2-B1,388
jyocd+level12,04_B2-B2,45
jyocd+level12,05_A1-A1,1196
jyocd+level12,05_A1-A2,1360
jyocd+level12,05_A1-B1,2263
jyocd+level12,05_A1-B2,155
jyocd+level12,05_A2-A1,1185
jyocd+level12,05_A2-A2,1092
jyocd+level12,05_A2-B1,3105
jyocd+level12,05_A2-B2,175
jyocd+level12,05_B1-A1,1964
jyocd+level12,05_B1-A2,3027
jyocd+level12,05_B1-B1,4712
jyocd+level12,05_B1-B2,385
jyocd+level12,05_B2-A1,79
jyocd+level12,05_B2-A2,157
jyocd+level12,05_B2-B1,436
jyocd+level12,05_B2-B2,53
jyocd+level12,06_A1-A1,1228
jyocd+level12,06_A1-A2,1584
jyocd+level12,06_A1-B1,3265
jyocd+level12,06_A1-B2,149
jyocd+level12,06_A2-A1,1538
jyocd+level12,06_A2-A2,1092
jyocd+level12,06_A2-B1,3719
jyocd+level12,06_A2-B2,216
jyocd+level12,06_B1-A1,2113
jyocd+level12,06_B1-A2,2975
jyocd+level12,06_B1-B1,4116
jyocd+level12,06_B1-B2,334
jyocd+level12,06_B2-A1,97
jyocd+level12,06_B2-A2,155
jyocd+level12,06_B2-B1,282
jyocd+level12,06_B2-B2,28
jyocd+level12,07_A1-A1,1469
jyocd+level12,07_A1-A2,2171
jyocd+level12,07_A1-B1,2256
jyocd+level12,07_A1-B2,74
jyocd+level12,07_A2-A1,1336
jyocd+level12,07_A2-A2,1112
jyocd+level12,07_A2-B1,3594
jyocd+level12,07_A2-B2,202
jyocd+level12,07_B1-A1,1466
jyocd+level12,07_B1-A2,2128
jyocd+level12,07_B1-B1,4737
jyocd+level12,07_B1-B2,419
jyocd+level12,07_B2-A1,84
jyocd+level12,07_B2-A2,103
jyocd+level12,07_B2-B1,345
jyocd+level12,07_B2-B2,38
jyocd+level12,08_A1-A1,1606
jyocd+level12,08_A1-A2,2668
jyocd+level12,08_A1-B1,2366
jyocd+level12,08_A1-B2,84
jyocd+level12,08_A2-A1,1140
jyocd+level12,08_A2-A2,1061
jyocd+level12,08_A2-B1,4339
jyocd+level12,08_A2-B2,250
jyocd+level12,08_B1-A1,1467
jyocd+level12,08_B1-A2,2579
jyocd+level12,08_B1-B1,4554
jyocd+level12,08_B1-B2,436
jyocd+level12,08_B2-A1,85
jyocd+level12,08_B2-A2,145
jyocd+level12,08_B2-B1,289
jyocd+level12,08_B2-B2,24
jyocd+level12,09_A1-A1,1333
jyocd+level12,09_A1-A2,1489
jyocd+level12,09_A1-B1,3247
jyocd+level12,09_A1-B2,115
jyocd+level12,09_A2-A1,1688
jyocd+level12,09_A2-A2,1371
jyocd+level12,09_A2-B1,3063
jyocd+level12,09_A2-B2,136
jyocd+level12,09_B1-A1,2010
jyocd+level12,09_B1-A2,2675
jyocd+level12,09_B1-B1,3854
jyocd+level12,09_B1-B2,307
jyocd+level12,09_B2-A1,110
jyocd+level12,09_B2-A2,134
jyocd+level12,09_B2-B1,227
jyocd+level12,09_B2-B2,20
jyocd+level12,10_A1-A1,1521
jyocd+level12,10_A1-A2,1732
jyocd+level12,10_A1-B1,2696
jyocd+level12,10_A1-B2,137
jyocd+level12,10_A2-A1,1773
jyocd+level12,10_A2-A2,1020
jyocd+level12,10_A2-B1,3575
jyocd+level12,10_A2-B2,184
jyocd+level12,10_B1-A1,1613
jyocd+level12,10_B1-A2,2921
jyocd+level12,10_B1-B1,3549
jyocd+level12,10_B1-B2,272
jyocd+level12,10_B2-A1,84
jyocd+level12,10_B2-A2,127
jyocd+level12,10_B2-B1,232
jyocd+level12,10_B2-B2,6
jyocd+level12,11_A1-A1,1400
jyocd+level12,11_A1-A2,2374
jyocd+level12,11_A1-B1,1630
jyocd+level12,11_A1-B2,89
jyocd+level12,11_A2-A1,914
jyocd+level12,11_A2-A2,975
jyocd+level12,11_A2-B1,3500
jyocd+level12,11_A2-B2,198
jyocd+level12,11_B1-A1,1852
jyocd+level12,11_B1-A2,1941
jyocd+level12,11_B1-B1,3816
jyocd+level12,11_B1-B2,266
jyocd+level12,11_B2-A1,104
jyocd+level12,11_B2-A2,93
jyocd+level12,11_B2-B1,252
jyocd+level12,11_B2-B2,14
jyocd+level12,12_A1-A1,1966
jyocd+level12,12_A1-A2,1793
jyocd+level12,12_A1-B1,2036
jyocd+level12,12_A1-B2,91
jyocd+level12,12_A2-A1,1344
jyocd+level12,12_A2-A2,1261
jyocd+level12,12_A2-B1,2811
jyocd+level12,12_A2-B2,171
jyocd+level12,12_B1-A1,1625
jyocd+level12,12_B1-A2,2065
jyocd+level12,12_B1-B1,4036
jyocd+level12,12_B1-B2,404
jyocd+level12,12_B2-A1,86
jyocd+level12,12_B2-A2,115
jyocd+level12,12_B2-B1,321
jyocd+level12,12_B2-B2,50
jyocd+level12,13_A1-A1,1556
jyocd+level12,13_A1-A2,2051
jyocd+level12,13_A1-B1,2580
jyocd+level12,13_A1-B2,105
jyocd+level12,13_A2-A1,1392
jyocd+level12,13_A2-A2,1160
jyocd+level12,13_A2-B1,3036
jyocd+level12,13_A2-B2,150
jyocd+level12,13_B1-A1,1735
jyocd+level12,13_B1-A2,1905
jyocd+level12,13_B1-B1,4530
jyocd+level12,13_B1-B2,340
jyocd+level12,13_B2-A1,55
jyocd+level12,13_B2-A2,95
jyocd+level12,13_B2-B1,313
jyocd+level12,13_B2-B2,30
jyocd+level12,14_A1-A1,1014
jyocd+level12,14_A1-A2,1157
jyocd+level12,14_A1-B1,2079
jyocd+level12,14_A1-B2,122
jyocd+level12,14_A2-A1,906
jyocd+level12,14_A2-A2,974
jyocd+level12,14_A2-B1,3027
jyocd+level12,14_A2-B2,163
jyocd+level12,14_B1-A1,1231
jyocd+level12,14_B1-A2,2085
jyocd+level12,14_B1-B1,3323
jyocd+level12,14_B1-B2,234
jyocd+level12,14_B2-A1,55
jyocd+level12,14_B2-A2,93
jyocd+level12,14_B2-B1,208
jyocd+level12,14_B2-B2,25
jyocd+level12,15_A1-A1,2241
jyocd+level12,15_A1-A2,2880
jyocd+level12,15_A1-B1,1539
jyocd+level12,15_A1-B2,78
jyocd+level12,15_A2-A1,1212
jyocd+level12,15_A2-A2,1257
jyocd+level12,15_A2-B1,3852
jyocd+level12,15_A2-B2,221
jyocd+level12,15_B1-A1,1422
jyocd+level12,15_B1-A2,2049
jyocd+level12,15_B1-B1,4454
jyocd+level12,15_B1-B2,293
jyocd+level12,15_B2-A1,64
jyocd+level12,15_B2-A2,98
jyocd+level12,15_B2-B1,291
jyocd+level12,15_B2-B2,20
jyocd+level12,16_A1-A1,1571
jyocd+level12,16_A1-A2,2182
jyocd+level12,16_A1-B1,2629
jyocd+level12,16_A1-B2,122
jyocd+level12,16_A2-A1,1448
jyocd+level12,16_A2-A2,1187
jyocd+level12,16_A2-B1,3530
jyocd+level12,16_A2-B2,171
jyocd+level12,16_B1-A1,1527
jyocd+level12,16_B1-A2,2617
jyocd+level12,16_B1-B1,4203
jyocd+level12,16_B1-B2,277
jyocd+level12,16_B2-A1,69
jyocd+level12,16_B2-A2,118
jyocd+level12,16_B2-B1,266
jyocd+level12,16_B2-B2,24
jyocd+level12,17_A1-A1,1729
jyocd+level12,17_A1-A2,2121
jyocd+level12,17_A1-B1,2107
jyocd+level12,17_A1-B2,98
jyocd+level12,17_A2-A1,922
jyocd+level12,17_A2-A2,1290
jyocd+level12,17_A2-B1,3745
jyocd+level12,17_A2-B2,197
jyocd+level12,17_B1-A1,1545
jyocd+level12,17_B1-A2,2026
jyocd+level12,17_B1-B1,4044
jyocd+level12,17_B1-B2,364
jyocd+level12,17_B2-A1,89
jyocd+level12,17_B2-A2,115
jyocd+level12,17_B2-B1,268
jyocd+level12,17_B2-B2,41
jyocd+level12,18_A1-A1,1325
jyocd+level12,18_A1-A2,3165
jyocd+level12,18_A1-B1,2767
jyocd+level12,18_A1-B2,131
jyocd+level12,18_A2-A1,705
jyocd+level12,18_A2-A2,808
jyocd+level12,18_A2-B1,4323
jyocd+level12,18_A2-B2,201
jyocd+level12,18_B1-A1,2302
jyocd+level12,18_B1-A2,1870
jyocd+level12,18_B1-B1,2817
jyocd+level12,18_B1-B2,214
jyocd+level12,18_B2-A1,111
jyocd+level12,18_B2-A2,88
jyocd+level12,18_B2-B1,166
jyocd+level12,18_B2-B2,15
jyocd+level12,19_A1-A1,1410
jyocd+level12,19_A1-A2,1610
jyocd+level12,19_A1-B1,3156
jyocd+level12,19_A1-B2,164
jyocd+level12,19_A2-A1,1026
jyocd+level12,19_A2-A2,1081
jyocd+level12,19_A2-B1,4460
jyocd+level12,19_A2-B2,242
jyocd+level12,19_B1-A1,1562
jyocd+level12,19_B1-A2,2260
jyocd+level12,19_B1-B1,3267
jyocd+level12,19_B1-B2,237
jyocd+level12,19_B2-A1,83
jyocd+level12,19_B2-A2,113
jyocd+level12,19_B2-B1,199
jyocd+level12,19_B2-B2,17
jyocd+level12,20_A1-A1,1676
jyocd+level12,20_A1-A2,2426
jyocd+level12,20_A1-B1,2552
jyocd+level12,20_A1-B2,131
jyocd+level12,20_A2-A1,2069
jyocd+level12,20_A2-A2,1441
jyocd+level12,20_A2-B1,3243
jyocd+level12,20_A2-B2,189
jyocd+level12,20_B1-A1,1135
jyocd+level12,20_B1-A2,1540
jyocd+level12,20_B1-B1,4958
jyocd+level12,20_B1-B2,385
jyocd+level12,20_B2-A1,58
jyocd+level12,20_B2-A2,94
jyocd+level12,20_B2-B1,289
jyocd+level12,20_B2-B2,23
jyocd+level12,21_A1-A1,1647
jyocd+level12,21_A1-A2,1946
jyocd+level12,21_A1-B1,4682
jyocd+level12,21_A1-B2,199
jyocd+level12,21_A2-A1,1807
jyocd+level12,21_A2-A2,1279
jyocd+level12,21_A2-B1,4896
jyocd+level12,21_A2-B2,232
jyocd+level12,21_B1-A1,1167
jyocd+level12,21_B1-A2,1727
jyocd+level12,21_B1-B1,2084
jyocd+level12,21_B1-B2,123
jyocd+level12,21_B2-A1,29
jyocd+level12,21_B2-A2,48
jyocd+level12,21_B2-B1,78
jyocd+level12,21_B2-B2,5
jyocd+level12,22_A1-A1,1555
jyocd+level12,22_A1-A2,1989
jyocd+level12,22_A1-B1,2259
jyocd+level12,22_A1-B2,114
jyocd+level12,22_A2-A1,1122
jyocd+level12,22_A2-A2,1261
jyocd+level12,22_A2-B1,3105
jyocd+level12,22_A2-B2,201
jyocd+level12,22_B1-A1,1977
jyocd+level12,22_B1-A2,2537
jyocd+level12,22_B1-B1,4798
jyocd+level12,22_B1-B2,371
jyocd+level12,22_B2-A1,98
jyocd+level12,22_B2-A2,147
jyocd+level12,22_B2-B1,293
jyocd+level12,22_B2-B2,26
jyocd+level12,23_A1-A1,1474
jyocd+level12,23_A1-A2,1993
jyocd+level12,23_A1-B1,2729
jyocd+level12,23_A1-B2,170
jyocd+level12,23_A2-A1,1673
jyocd+level12,23_A2-A2,1356
jyocd+level12,23_A2-B1,3221
jyocd+level12,23_A2-B2,191
jyocd+level12,23_B1-A1,2048
jyocd+level12,23_B1-A2,2078
jyocd+level12,23_B1-B1,3821
jyocd+level12,23_B1-B2,322
jyocd+level12,23_B2-A1,116
jyocd+level12,23_B2-A2,123
jyocd+level12,23_B2-B1,238
jyocd+level12,23_B2-B2,28
jyocd+level12,24_A1-A1,1770
jyocd+level12,24_A1-A2,2465
jyocd+level12,24_A1-B1,3339
jyocd+level12,24_A1-B2,141
jyocd+level12,24_A2-A1,1078
jyocd+level12,24_A2-A2,1568
jyocd+level12,24_A2-B1,3753
jyocd+level12,24_A2-B2,178
jyocd+level12,24_B1-A1,1496
jyocd+level12,24_B1-A2,1341
jyocd+level12,24_B1-B1,3442
jyocd+level12,24_B1-B2,298
jyocd+level12,24_B2-A1,69
jyocd+level12,24_B2-A2,69
jyocd+level12,24_B2-B1,129
jyocd+level12,24_B2-B2,16
jyocd+mm,01_01,2151
jyocd+mm,01_02,1626
jyocd+mm,01_03,1725
jyocd+mm,01_04,1640
jyocd+mm,01_05,2186
jyocd+mm,01_06,1623
jyocd+mm,01_07,1791
jyocd+mm,01_08,1848
jyocd+mm,01_09,1576
jyocd+mm,01_10,1673
jyocd+mm,01_11,1849
jyocd+mm,01_12,1926
jyocd+mm,02_01,2387
jyocd+mm,02_02,1873
jyocd+mm,02_03,1562
jyocd+mm,02_04,1568
jyocd+mm,02_05,2066
jyocd+mm,02_06,1882
jyocd+mm,02_07,2065
jyocd+mm,02_08,1431
jyocd+mm,02_09,1531
jyocd+mm,02_10,1491
jyocd+mm,02_11,1897
jyocd+mm,02_12,1868
jyocd+mm,03_01,1994
jyocd+mm,03_02,1864
jyocd+mm,03_03,1606
jyocd+mm,03_04,1348
jyocd+mm,03_05,1381
jyocd+mm,03_06,1333
jyocd+mm,03_07,1098
jyocd+mm,03_08,1329
jyocd+mm,03_09,1567
jyocd+mm,03_10,1636
jyocd+mm,03_11,1737
jyocd+mm,03_12,1813
jyocd+mm,04_01,2058
jyocd+mm,04_02,1831
jyocd+mm,04_03,1501
jyocd+mm,04_04,1919
jyocd+mm,04_05,1949
jyocd+mm,04_06,1341
jyocd+mm,04_07,1794
jyocd+mm,04_08,2078
jyocd+mm,04_09,1908
jyocd+mm,04_10,1471
jyocd+mm,04_11,1525
jyocd+mm,04_12,1567
jyocd+mm,05_01,2193
jyocd+mm,05_02,1501
jyocd+mm,05_03,1708
jyocd+mm,05_04,1503
jyocd+mm,05_05,2261
jyocd+mm,05_06,1901
jyocd+mm,05_07,1718
jyocd+mm,05_08,1970
jyocd+mm,05_09,1530
jyocd+mm,05_10,1528
jyocd+mm,05_11,1725
jyocd+mm,05_12,1806
jyocd+mm,06_01,2267
jyocd+mm,06_02,1609
jyocd+mm,06_03,1837
jyocd+mm,06_04,2208
jyocd+mm,06_05,2316
jyocd+mm,06_06,2173
jyocd+mm,06_07,2022
jyocd+mm,06_08,2223
jyocd+mm,06_09,1783
jyocd+mm,06_10,1309
jyocd+mm,06_11,1108
jyocd+mm,06_12,2036
jyocd+mm,07_01,2128
jyocd+mm,07_02,1891
jyocd+mm,07_03,1881
jyocd+mm,07_04,1510
jyocd+mm,07_05,2108
jyocd+mm,07_06,1554
jyocd+mm,07_07,1623
jyocd+mm,07_08,1745
jyocd+mm,07_09,1659
jyocd+mm,07_10,1647
jyocd+mm,07_11,1538
jyocd+mm,07_12,2250
jyocd+mm,08_01,2249
jyocd+mm,08_02,1604
jyocd+mm,08_03,1931
jyocd+mm,08_04,1561
jyocd+mm,08_05,2387
jyocd+mm,08_06,2048
jyocd+mm,08_07,1984
jyocd+mm,08_08,1977
jyocd+mm,08_09,1871
jyocd+mm,08_10,1590
jyocd+mm,08_11,1833
jyocd+mm,08_12,2058
jyocd+mm,09_01,1948
jyocd+mm,09_02,1178
jyocd+mm,09_03,1831
jyocd+mm,09_04,1653
jyocd+mm,09_05,2026
jyocd+mm,09_06,1954
jyocd+mm,09_07,1764
jyocd+mm,09_08,1949
jyocd+mm,09_09,1662
jyocd+mm,09_10,1873
jyocd+mm,09_11,1889
jyocd+mm,09_12,2052
jyocd+mm,10_01,2135
jyocd+mm,10_02,1581
jyocd+mm,10_03,1582
jyocd+mm,10_04,1620
jyocd+mm,10_05,2276
jyocd+mm,10_06,1718
jyocd+mm,10_07,1706
jyocd+mm,10_08,2007
jyocd+mm,10_09,1281
jyocd+mm,10_10,1878
jyocd+mm,10_11,1849
jyocd+mm,10_12,1809
jyocd+mm,11_01,2021
jyocd+mm,11_02,1177
jyocd+mm,11_03,1178
jyocd+mm,11_04,1377
jyocd+mm,11_05,1857
jyocd+mm,11_06,1926
jyocd+mm,11_07,1764
jyocd+mm,11_08,1775
jyocd+mm,11_09,1468
jyocd+mm,11_10,1652
jyocd+mm,11_11,1585
jyocd+mm,11_12,1638
jyocd+mm,12_01,1873
jyocd+mm,12_02,1398
jyocd+mm,12_03,1923
jyocd+mm,12_04,1858
jyocd+mm,12_05,1970
jyocd+mm,12_06,1619
jyocd+mm,12_07,1763
jyocd+mm,12_08,1721
jyocd+mm,12_09,1657
jyocd+mm,12_10,1327
jyocd+mm,12_11,1863
jyocd+mm,12_12,1203
jyocd+mm,13_01,1859
jyocd+mm,13_02,1426
jyocd+mm,13_03,1692
jyocd+mm,13_04,1810
jyocd+mm,13_05,1918
jyocd+mm,13_06,1629
jyocd+mm,13_07,1770
jyocd+mm,13_08,2024
jyocd+mm,13_09,1587
jyocd+mm,13_10,1771
jyocd+mm,13_11,1597
jyocd+mm,13_12,1950
jyocd+mm,14_01,1830
jyocd+mm,14_02,1330
jyocd+mm,14_03,1133
jyocd+mm,14_04,1022
jyocd+mm,14_05,1788
jyocd+mm,14_06,1501
jyocd+mm,14_07,1443
jyocd+mm,14_08,1431
jyocd+mm,14_09,1195
jyocd+mm,14_10,1317
jyocd+mm,14_11,1466
jyocd+mm,14_12,1240
jyocd+mm,15_01,2620
jyocd+mm,15_02,1805
jyocd+mm,15_03,2318
jyocd+mm,15_04,1909
jyocd+mm,15_05,1929
jyocd+mm,15_06,1708
jyocd+mm,15_07,1478
jyocd+mm,15_08,1641
jyocd+mm,15_09,1443
jyocd+mm,15_10,1534
jyocd+mm,15_11,1471
jyocd+mm,15_12,2115
jyocd+mm,16_01,2414
jyocd+mm,16_02,2142
jyocd+mm,16_03,1664
jyocd+mm,16_04,1723
jyocd+mm,16_05,2292
jyocd+mm,16_06,1522
jyocd+mm,16_07,2015
jyocd+mm,16_08,1960
jyocd+mm,16_09,1250
jyocd+mm,16_10,1637
jyocd+mm,16_11,1588
jyocd+mm,16_12,1734
jyocd+mm,17_01,1929
jyocd+mm,17_02,1442
jyocd+mm,17_03,1663
jyocd+mm,17_04,1808
jyocd+mm,17_05,1998
jyocd+mm,17_06,1745
jyocd+mm,17_07,1801
jyocd+mm,17_08,2096
jyocd+mm,17_09,1534
jyocd+mm,17_10,1869
jyocd+mm,17_11,1171
jyocd+mm,17_12,1645
jyocd+mm,18_01,1819
jyocd+mm,18_02,1878
jyocd+mm,18_03,1963
jyocd+mm,18_04,1497
jyocd+mm,18_05,2193
jyocd+mm,18_06,1909
jyocd+mm,18_07,1668
jyocd+mm,18_08,1946
jyocd+mm,18_09,1389
jyocd+mm,18_10,1264
jyocd+mm,18_11,1428
jyocd+mm,18_12,2054
jyocd+mm,19_01,1732
jyocd+mm,19_02,1235
jyocd+mm,19_03,1641
jyocd+mm,19_04,1775
jyocd+mm,19_05,2407
jyocd+mm,19_06,1949
jyocd+mm,19_07,1861
jyocd+mm,19_08,2197
jyocd+mm,19_09,1584
jyocd+mm,19_10,1413
jyocd+mm,19_11,1312
jyocd+mm,19_12,1781
jyocd+mm,20_01,2194
jyocd+mm,20_02,1794
jyocd+mm,20_03,2260
jyocd+mm,20_04,1743
jyocd+mm,20_05,2221
jyocd+mm,20_06,1482
jyocd+mm,20_07,1726
jyocd+mm,20_08,1834
jyocd+mm,20_09,1702
jyocd+mm,20_10,1683
jyocd+mm,20_11,1469
jyocd+mm,20_12,2101
jyocd+mm,21_01,2176
jyocd+mm,21_02,1381
jyocd+mm,21_03,1721
jyocd+mm,21_04,1995
jyocd+mm,21_05,2063
jyocd+mm,21_06,1706
jyocd+mm,21_07,1902
jyocd+mm,21_08,2057
jyocd+mm,21_09,1942
jyocd+mm,21_10,1826
jyocd+mm,21_11,1487
jyocd+mm,21_12,1693
jyocd+mm,22_01,1532
jyocd+mm,22_02,1071
jyocd+mm,22_03,2278
jyocd+mm,22_04,1990
jyocd+mm,22_05,1968
jyocd+mm,22_06,1378
jyocd+mm,22_07,1834
jyocd+mm,22_08,1983
jyocd+mm,22_09,2162
jyocd+mm,22_10,1938
jyocd+mm,22_11,1742
jyocd+mm,22_12,1977
jyocd+mm,23_01,1936
jyocd+mm,23_02,1697
jyocd+mm,23_03,1604
jyocd+mm,23_04,1732
jyocd+mm,23_05,2025
jyocd+mm,23_06,2010
jyocd+mm,23_07,1865
jyocd+mm,23_08,1983
jyocd+mm,23_09,1523
jyocd+mm,23_10,1867
jyocd+mm,23_11,1624
jyocd+mm,23_12,1715
jyocd+mm,24_01,2115
jyocd+mm,24_02,1622
jyocd+mm,24_03,1489
jyocd+mm,24_04,1642
jyocd+mm,24_05,2240
jyocd+mm,24_06,1990
jyocd+mm,24_07,2023
jyocd+mm,24_08,2339
jyocd+mm,24_09,1229
jyocd+mm,24_10,1558
jyocd+mm,24_11,1410
jyocd+mm,24_12,1495
jyocd+raceno,01_1,1816
jyocd+raceno,01_10,1805
jyocd+raceno,01_11,1805
jyocd+raceno,01_12,1801
jyocd+raceno,01_2,1807
jyocd+raceno,01_3,1801
jyocd+raceno,01_4,1796
jyocd+raceno,01_5,1795
jyocd+raceno,01_6,1797
jyocd+raceno,01_7,1795
jyocd+raceno,01_8,1797
jyocd+raceno,01_9,1799
jyocd+raceno,02_1,1809
jyocd+raceno,02_10,1794
jyocd+raceno,02_11,1788
jyocd+raceno,02_12,1788
jyocd+raceno,02_2,1816
jyocd+raceno,02_3,1812
jyocd+raceno,02_4,1815
jyocd+raceno,02_5,1807
jyocd+raceno,02_6,1802
jyocd+raceno,02_7,1805
jyocd+raceno,02_8,1798
jyocd+raceno,02_9,1787
jyocd+raceno,03_1,1579
jyocd+raceno,03_10,1516
jyocd+raceno,03_11,1513
jyocd+raceno,03_12,1500
jyocd+raceno,03_2,1600
jyocd+raceno,03_3,1592
jyocd+raceno,03_4,1586
jyocd+raceno,03_5,1590
jyocd+raceno,03_6,1580
jyocd+raceno,03_7,1559
jyocd+raceno,03_8,1552
jyocd+raceno,03_9,1539
jyocd+raceno,04_1,1758
jyocd+raceno,04_10,1739
jyocd+raceno,04_11,1739
jyocd+raceno,04_12,1741
jyocd+raceno,04_2,1753
jyocd+raceno,04_3,1752
jyocd+raceno,04_4,1752
jyocd+raceno,04_5,1750
jyocd+raceno,04_6,1743
jyocd+raceno,04_7,1736
jyocd+raceno,04_8,1745
jyocd+raceno,04_9,1734
jyocd+raceno,05_1,1790
jyocd+raceno,05_10,1777
jyocd+raceno,05_11,1766
jyocd+raceno,05_12,1784
jyocd+raceno,05_2,1784
jyocd+raceno,05_3,1784
jyocd+raceno,05_4,1786
jyocd+raceno,05_5,1782
jyocd+raceno,05_6,1779
jyocd+raceno,05_7,1773
jyocd+raceno,05_8,1770
jyocd+raceno,05_9,1769
jyocd+raceno,06_1,1917
jyocd+raceno,06_10,1903
jyocd+raceno,06_11,1897
jyocd+raceno,06_12,1902
jyocd+raceno,06_2,1917
jyocd+raceno,06_3,1916
jyocd+raceno,06_4,1918
jyocd+raceno,06_5,1917
jyocd+raceno,06_6,1907
jyocd+raceno,06_7,1907
jyocd+raceno,06_8,1898
jyocd+raceno,06_9,1892
jyocd+raceno,07_1,1805
jyocd+raceno,07_10,1782
jyocd+raceno,07_11,1785
jyocd+raceno,07_12,1781
jyocd+raceno,07_2,1803
jyocd+raceno,07_3,1797
jyocd+raceno,07_4,1799
jyocd+raceno,07_5,1800
jyocd+raceno,07_6,1797
jyocd+raceno,07_7,1803
jyocd+raceno,07_8,1789
jyocd+raceno,07_9,1793
jyocd+raceno,08_1,1939
jyocd+raceno,08_10,1914
jyocd+raceno,08_11,1911
jyocd+raceno,08_12,1920
jyocd+raceno,08_2,1932
jyocd+raceno,08_3,1934
jyocd+raceno,08_4,1927
jyocd+raceno,08_5,1933
jyocd+raceno,08_6,1934
jyocd+raceno,08_7,1920
jyocd+raceno,08_8,1914
jyocd+raceno,08_9,1915
jyocd+raceno,09_1,1829
jyocd+raceno,09_10,1808
jyocd+raceno,09_11,1812
jyocd+raceno,09_12,1805
jyocd+raceno,09_2,1821
jyocd+raceno,09_3,1823
jyocd+raceno,09_4,1825
jyocd+raceno,09_5,1820
jyocd+raceno,09_6,1821
jyocd+raceno,09_7,1809
jyocd+raceno,09_8,1811
jyocd+raceno,09_9,1795
jyocd+raceno,10_1,1795
jyocd+raceno,10_10,1777
jyocd+raceno,10_11,1784
jyocd+raceno,10_12,1772
jyocd+raceno,10_2,1797
jyocd+raceno,10_3,1795
jyocd+raceno,10_4,1791
jyocd+raceno,10_5,1790
jyocd+raceno,10_6,1789
jyocd+raceno,10_7,1785
jyocd+raceno,10_8,1787
jyocd+raceno,10_9,1780
jyocd+raceno,11_1,1625
jyocd+raceno,11_10,1608
jyocd+raceno,11_11,1609
jyocd+raceno,11_12,1611
jyocd+raceno,11_2,1628
jyocd+raceno,11_3,1623
jyocd+raceno,11_4,1630
jyocd+raceno,11_5,1622
jyocd+raceno,11_6,1623
jyocd+raceno,11_7,1621
jyocd+raceno,11_8,1609
jyocd+raceno,11_9,1609
jyocd+raceno,12_1,1687
jyocd+raceno,12_10,1673
jyocd+raceno,12_11,1678
jyocd+raceno,12_12,1675
jyocd+raceno,12_2,1686
jyocd+raceno,12_3,1690
jyocd+raceno,12_4,1688
jyocd+raceno,12_5,1681
jyocd+raceno,12_6,1681
jyocd+raceno,12_7,1682
jyocd+raceno,12_8,1682
jyocd+raceno,12_9,1672
jyocd+raceno,13_1,1763
jyocd+raceno,13_10,1742
jyocd+raceno,13_11,1744
jyocd+raceno,13_12,1747
jyocd+raceno,13_2,1762
jyocd+raceno,13_3,1765
jyocd+raceno,13_4,1762
jyocd+raceno,13_5,1749
jyocd+raceno,13_6,1756
jyocd+raceno,13_7,1754
jyocd+raceno,13_8,1742
jyocd+raceno,13_9,1747
jyocd+raceno,14_1,1396
jyocd+raceno,14_10,1384
jyocd+raceno,14_11,1387
jyocd+raceno,14_12,1383
jyocd+raceno,14_2,1397
jyocd+raceno,14_3,1398
jyocd+raceno,14_4,1399
jyocd+raceno,14_5,1398
jyocd+raceno,14_6,1389
jyocd+raceno,14_7,1391
jyocd+raceno,14_8,1385
jyocd+raceno,14_9,1389
jyocd+raceno,15_1,1838
jyocd+raceno,15_10,1823
jyocd+raceno,15_11,1822
jyocd+raceno,15_12,1815
jyocd+raceno,15_2,1842
jyocd+raceno,15_3,1840
jyocd+raceno,15_4,1838
jyocd+raceno,15_5,1842
jyocd+raceno,15_6,1829
jyocd+raceno,15_7,1830
jyocd+raceno,15_8,1830
jyocd+raceno,15_9,1822
jyocd+raceno,16_1,1838
jyocd+raceno,16_10,1817
jyocd+raceno,16_11,1822
jyocd+raceno,16_12,1816
jyocd+raceno,16_2,1838
jyocd+raceno,16_3,1837
jyocd+raceno,16_4,1836
jyocd+raceno,16_5,1838
jyocd+raceno,16_6,1833
jyocd+raceno,16_7,1831
jyocd+raceno,16_8,1816
jyocd+raceno,16_9,1819
jyocd+raceno,17_1,1735
jyocd+raceno,17_10,1720
jyocd+raceno,17_11,1729
jyocd+raceno,17_12,1713
jyocd+raceno,17_2,1734
jyocd+raceno,17_3,1733
jyocd+raceno,17_4,1736
jyocd+raceno,17_5,1723
jyocd+raceno,17_6,1722
jyocd+raceno,17_7,1718
jyocd+raceno,17_8,1720
jyocd+raceno,17_9,1718
jyocd+raceno,18_1,1760
jyocd+raceno,18_10,1744
jyocd+raceno,18_11,1738
jyocd+raceno,18_12,1749
jyocd+raceno,18_2,1753
jyocd+raceno,18_3,1755
jyocd+raceno,18_4,1759
jyocd+raceno,18_5,1758
jyocd+raceno,18_6,1757
jyocd+raceno,18_7,1740
jyocd+raceno,18_8,1749
jyocd+raceno,18_9,1746
jyocd+raceno,19_1,1743
jyocd+raceno,19_10,1732
jyocd+raceno,19_11,1734
jyocd+raceno,19_12,1735
jyocd+raceno,19_2,1746
jyocd+raceno,19_3,1742
jyocd+raceno,19_4,1746
jyocd+raceno,19_5,1746
jyocd+raceno,19_6,1744
jyocd+raceno,19_7,1745
jyocd+raceno,19_8,1740
jyocd+raceno,19_9,1734
jyocd+raceno,20_1,1854
jyocd+raceno,20_10,1839
jyocd+raceno,20_11,1843
jyocd+raceno,20_12,1836
jyocd+raceno,20_2,1856
jyocd+raceno,20_3,1862
jyocd+raceno,20_4,1860
jyocd+raceno,20_5,1858
jyocd+raceno,20_6,1854
jyocd+raceno,20_7,1848
jyocd+raceno,20_8,1854
jyocd+raceno,20_9,1845
jyocd+raceno,21_1,1834
jyocd+raceno,21_10,1823
jyocd+raceno,21_11,1824
jyocd+raceno,21_12,1820
jyocd+raceno,21_2,1838
jyocd+raceno,21_3,1839
jyocd+raceno,21_4,1838
jyocd+raceno,21_5,1836
jyocd+raceno,21_6,1826
jyocd+raceno,21_7,1833
jyocd+raceno,21_8,1821
jyocd+raceno,21_9,1817
jyocd+raceno,22_1,1832
jyocd+raceno,22_10,1809
jyocd+raceno,22_11,1817
jyocd+raceno,22_12,1809
jyocd+raceno,22_2,1827
jyocd+raceno,22_3,1827
jyocd+raceno,22_4,1828
jyocd+raceno,22_5,1831
jyocd+raceno,22_6,1821
jyocd+raceno,22_7,1814
jyocd+raceno,22_8,1816
jyocd+raceno,22_9,1822
jyocd+raceno,23_1,1802
jyocd+raceno,23_10,1789
jyocd+raceno,23_11,1783
jyocd+raceno,23_12,1788
jyocd+raceno,23_2,1814
jyocd+raceno,23_3,1804
jyocd+raceno,23_4,1808
jyocd+raceno,23_5,1808
jyocd+raceno,23_6,1800
jyocd+raceno,23_7,1800
jyocd+raceno,23_8,1794
jyocd+raceno,23_9,1791
jyocd+raceno,24_1,1772
jyocd+raceno,24_10,1747
jyocd+raceno,24_11,1757
jyocd+raceno,24_12,1756
jyocd+raceno,24_2,1772
jyocd+raceno,24_3,1773
jyocd+raceno,24_4,1773
jyocd+raceno,24_5,1762
jyocd+raceno,24_6,1760
jyocd+raceno,24_7,1760
jyocd+raceno,24_8,1763
jyocd+raceno,24_9,1757
jyocd+racetype,01_1,10225
jyocd+racetype,01_2,1837
jyocd+racetype,01_3,5271
jyocd+racetype,01_4,694
jyocd+racetype,01_6,884
jyocd+racetype,01_7,342
jyocd+racetype,01_else,2361
jyocd+racetype,02_1,10176
jyocd+racetype,02_3,5812
jyocd+racetype,02_4,2223
jyocd+racetype,02_6,559
jyocd+racetype,02_7,365
jyocd+racetype,02_else,2486
jyocd+racetype,03_1,8555
jyocd+racetype,03_2,1842
jyocd+racetype,03_3,5454
jyocd+racetype,03_4,1724
jyocd+racetype,03_5,213
jyocd+racetype,03_6,231
jyocd+racetype,03_else,687
jyocd+racetype,04_1,9248
jyocd+racetype,04_2,1790
jyocd+racetype,04_3,6309
jyocd+racetype,04_4,1822
jyocd+racetype,04_6,537
jyocd+racetype,04_7,323
jyocd+racetype,04_else,913
jyocd+racetype,05_1,8769
jyocd+racetype,05_2,2076
jyocd+racetype,05_3,5256
jyocd+racetype,05_4,2135
jyocd+racetype,05_5,100
jyocd+racetype,05_6,261
jyocd+racetype,05_7,278
jyocd+racetype,05_else,2469
jyocd+racetype,06_1,10436
jyocd+racetype,06_2,2879
jyocd+racetype,06_3,5026
jyocd+racetype,06_4,1199
jyocd+racetype,06_6,738
jyocd+racetype,06_7,391
jyocd+racetype,06_else,2222
jyocd+racetype,07_1,10625
jyocd+racetype,07_2,1794
jyocd+racetype,07_3,5353
jyocd+racetype,07_4,646
jyocd+racetype,07_6,837
jyocd+racetype,07_7,325
jyocd+racetype,07_else,1954
jyocd+racetype,08_1,9829
jyocd+racetype,08_2,2432
jyocd+racetype,08_3,7642
jyocd+racetype,08_4,858
jyocd+racetype,08_6,1276
jyocd+racetype,08_7,441
jyocd+racetype,08_else,615
jyocd+racetype,09_1,9510
jyocd+racetype,09_2,2015
jyocd+racetype,09_3,4527
jyocd+racetype,09_4,1654
jyocd+racetype,09_5,271
jyocd+racetype,09_6,765
jyocd+racetype,09_7,329
jyocd+racetype,09_else,2708
jyocd+racetype,10_1,7719
jyocd+racetype,10_3,4526
jyocd+racetype,10_4,1674
jyocd+racetype,10_5,682
jyocd+racetype,10_6,868
jyocd+racetype,10_7,346
jyocd+racetype,10_else,5627
jyocd+racetype,11_1,7850
jyocd+racetype,11_3,4173
jyocd+racetype,11_4,2614
jyocd+racetype,11_6,822
jyocd+racetype,11_7,289
jyocd+racetype,11_else,3670
jyocd+racetype,12_1,9208
jyocd+racetype,12_3,5124
jyocd+racetype,12_4,634
jyocd+racetype,12_6,763
jyocd+racetype,12_7,293
jyocd+racetype,12_else,4153
jyocd+racetype,13_1,9961
jyocd+racetype,13_2,3138
jyocd+racetype,13_3,5316
jyocd+racetype,13_4,954
jyocd+racetype,13_6,876
jyocd+racetype,13_7,321
jyocd+racetype,13_else,467
jyocd+racetype,14_1,7453
jyocd+racetype,14_3,4822
jyocd+racetype,14_4,549
jyocd+racetype,14_5,1784
jyocd+racetype,14_6,793
jyocd+racetype,14_7,263
jyocd+racetype,14_else,1032
jyocd+racetype,15_1,10447
jyocd+racetype,15_2,1047
jyocd+racetype,15_3,5942
jyocd+racetype,15_4,2626
jyocd+racetype,15_6,936
jyocd+racetype,15_7,340
jyocd+racetype,15_else,633
jyocd+racetype,16_1,8665
jyocd+racetype,16_3,4576
jyocd+racetype,16_4,1884
jyocd+racetype,16_5,2246
jyocd+racetype,16_6,964
jyocd+racetype,16_7,332
jyocd+racetype,16_else,3274
jyocd+racetype,17_1,7361
jyocd+racetype,17_2,145
jyocd+racetype,17_3,3981
jyocd+racetype,17_4,632
jyocd+racetype,17_5,1804
jyocd+racetype,17_6,900
jyocd+racetype,17_7,315
jyocd+racetype,17_else,5563
jyocd+racetype,18_1,7717
jyocd+racetype,18_3,3231
jyocd+racetype,18_4,1085
jyocd+racetype,18_5,874
jyocd+racetype,18_6,873
jyocd+racetype,18_7,310
jyocd+racetype,18_else,6918
jyocd+racetype,19_1,7632
jyocd+racetype,19_3,4185
jyocd+racetype,19_4,623
jyocd+racetype,19_5,1899
jyocd+racetype,19_6,929
jyocd+racetype,19_7,321
jyocd+racetype,19_else,5298
jyocd+racetype,20_1,9566
jyocd+racetype,20_2,629
jyocd+racetype,20_3,5531
jyocd+racetype,20_4,693
jyocd+racetype,20_5,1809
jyocd+racetype,20_6,975
jyocd+racetype,20_7,100
jyocd+racetype,20_else,2906
jyocd+racetype,21_1,10442
jyocd+racetype,21_3,5967
jyocd+racetype,21_4,763
jyocd+racetype,21_5,2970
jyocd+racetype,21_6,980
jyocd+racetype,21_7,346
jyocd+racetype,21_else,481
jyocd+racetype,22_1,10674
jyocd+racetype,22_3,5349
jyocd+racetype,22_4,1486
jyocd+racetype,22_5,2364
jyocd+racetype,22_6,896
jyocd+racetype,22_7,322
jyocd+racetype,22_else,762
jyocd+racetype,23_1,8366
jyocd+racetype,23_2,1698
jyocd+racetype,23_3,7089
jyocd+racetype,23_4,1415
jyocd+racetype,23_5,1
jyocd+racetype,23_6,871
jyocd+racetype,23_7,325
jyocd+racetype,23_else,1816
jyocd+racetype,24_1,6922
jyocd+racetype,24_2,457
jyocd+racetype,24_3,5326
jyocd+racetype,24_4,984
jyocd+racetype,24_5,908
jyocd+racetype,24_6,1025
jyocd+racetype,24_7,350
jyocd+racetype,24_else,5180
jyocd+timezone,01_N,20740
jyocd+timezone,01_S,48
jyocd+timezone,01_Z,826
jyocd+timezone,02_S,72
jyocd+timezone,02_Z,21549
jyocd+timezone,03_S,57
jyocd+timezone,03_Z,18649
jyocd+timezone,04_S,5193
jyocd+timezone,04_Z,15749
jyocd+timezone,05_Z,21344
jyocd+timezone,06_S,14467
jyocd+timezone,06_Z,8424
jyocd+timezone,07_N,21534
jyocd+timezone,08_Z,23093
jyocd+timezone,09_Z,21779
jyocd+timezone,10_M,2685
jyocd+timezone,10_Z,18757
jyocd+timezone,11_Z,19418
jyocd+timezone,12_N,15534
jyocd+timezone,12_Z,4641
jyocd+timezone,13_Z,21033
jyocd+timezone,14_M,2161
jyocd+timezone,14_S,2195
jyocd+timezone,14_Z,12340
jyocd+timezone,15_N,21971
jyocd+timezone,16_Z,21941
jyocd+timezone,17_S,358
jyocd+timezone,17_Z,20343
jyocd+timezone,18_M,18767
jyocd+timezone,18_Z,2241
jyocd+timezone,19_N,6483
jyocd+timezone,19_S,5930
jyocd+timezone,19_Z,8474
jyocd+timezone,20_N,22209
jyocd+timezone,21_M,21044
jyocd+timezone,21_Z,905
jyocd+timezone,22_S,1701
jyocd+timezone,22_Z,20152
jyocd+timezone,23_M,18973
jyocd+timezone,23_Z,2608
jyocd+timezone,24_N,3676
jyocd+timezone,24_S,10768
jyocd+timezone,24_Z,6708
jyocd+turn,01_1,3991
jyocd+turn,01_2,3956
jyocd+turn,01_3,4015
jyocd+turn,01_4,3509
jyocd+turn,01_5,2092
jyocd+turn,01_6,71
jyocd+turn,01_7,3980
jyocd+turn,02_1,4292
jyocd+turn,02_2,4267
jyocd+turn,02_3,4305
jyocd+turn,02_4,2725
jyocd+turn,02_5,1677
jyocd+turn,02_6,57
jyocd+turn,02_7,4298
jyocd+turn,03_1,3368
jyocd+turn,03_2,3367
jyocd+turn,03_3,3461
jyocd+turn,03_4,2848
jyocd+turn,03_5,2191
jyocd+turn,03_6,10
jyocd+turn,03_7,3461
jyocd+turn,04_1,3876
jyocd+turn,04_2,3834
jyocd+turn,04_3,3851
jyocd+turn,04_4,3109
jyocd+turn,04_5,2364
jyocd+turn,04_6,24
jyocd+turn,04_7,3884
jyocd+turn,05_1,3949
jyocd+turn,05_2,3927
jyocd+turn,05_3,3902
jyocd+turn,05_4,3338
jyocd+turn,05_5,2251
jyocd+turn,05_6,60
jyocd+turn,05_7,3917
jyocd+turn,06_1,4550
jyocd+turn,06_2,4536
jyocd+turn,06_3,4526
jyocd+turn,06_4,2921
jyocd+turn,06_5,1599
jyocd+turn,06_6,190
jyocd+turn,06_7,4569
jyocd+turn,07_1,3859
jyocd+turn,07_2,3838
jyocd+turn,07_3,3885
jyocd+turn,07_4,3282
jyocd+turn,07_5,2507
jyocd+turn,07_6,286
jyocd+turn,07_7,3877
jyocd+turn,08_1,5129
jyocd+turn,08_2,5128
jyocd+turn,08_3,5138
jyocd+turn,08_4,1401
jyocd+turn,08_5,962
jyocd+turn,08_6,168
jyocd+turn,08_7,5167
jyocd+turn,09_1,4075
jyocd+turn,09_2,4056
jyocd+turn,09_3,4059
jyocd+turn,09_4,3041
jyocd+turn,09_5,2471
jyocd+turn,09_6,11
jyocd+turn,09_7,4066
jyocd+turn,10_1,4075
jyocd+turn,10_2,4075
jyocd+turn,10_3,4033
jyocd+turn,10_4,3185
jyocd+turn,10_5,1977
jyocd+turn,10_6,24
jyocd+turn,10_7,4073
jyocd+turn,11_1,3407
jyocd+turn,11_2,3409
jyocd+turn,11_3,3409
jyocd+turn,11_4,3202
jyocd+turn,11_5,2508
jyocd+turn,11_6,59
jyocd+turn,11_7,3424
jyocd+turn,12_1,3606
jyocd+turn,12_2,3583
jyocd+turn,12_3,3564
jyocd+turn,12_4,3127
jyocd+turn,12_5,2546
jyocd+turn,12_6,168
jyocd+turn,12_7,3581
jyocd+turn,13_1,3719
jyocd+turn,13_2,3741
jyocd+turn,13_3,3689
jyocd+turn,13_4,3280
jyocd+turn,13_5,2653
jyocd+turn,13_6,226
jyocd+turn,13_7,3725
jyocd+turn,14_1,3267
jyocd+turn,14_2,3278
jyocd+turn,14_3,3289
jyocd+turn,14_4,2378
jyocd+turn,14_5,1171
jyocd+turn,14_6,60
jyocd+turn,14_7,3253
jyocd+turn,15_1,3889
jyocd+turn,15_2,3906
jyocd+turn,15_3,3873
jyocd+turn,15_4,3415
jyocd+turn,15_5,2708
jyocd+turn,15_6,250
jyocd+turn,15_7,3930
jyocd+turn,16_1,3827
jyocd+turn,16_2,3839
jyocd+turn,16_3,3854
jyocd+turn,16_4,3740
jyocd+turn,16_5,2831
jyocd+turn,16_7,3850
jyocd+turn,17_1,3707
jyocd+turn,17_2,3707
jyocd+turn,17_3,3704
jyocd+turn,17_4,3108
jyocd+turn,17_5,2678
jyocd+turn,17_6,84
jyocd+turn,17_7,3713
jyocd+turn,18_1,3647
jyocd+turn,18_2,3636
jyocd+turn,18_3,3623
jyocd+turn,18_4,3342
jyocd+turn,18_5,2853
jyocd+turn,18_6,261
jyocd+turn,18_7,3646
jyocd+turn,19_1,3708
jyocd+turn,19_2,3692
jyocd+turn,19_3,3675
jyocd+turn,19_4,3334
jyocd+turn,19_5,2484
jyocd+turn,19_6,287
jyocd+turn,19_7,3707
jyocd+turn,20_1,3948
jyocd+turn,20_2,3913
jyocd+turn,20_3,3908
jyocd+turn,20_4,3491
jyocd+turn,20_5,2687
jyocd+turn,20_6,311
jyocd+turn,20_7,3951
jyocd+turn,21_1,3994
jyocd+turn,21_2,3998
jyocd+turn,21_3,4021
jyocd+turn,21_4,3374
jyocd+turn,21_5,2436
jyocd+turn,21_6,83
jyocd+turn,21_7,4043
jyocd+turn,22_1,3838
jyocd+turn,22_2,3845
jyocd+turn,22_3,3824
jyocd+turn,22_4,3521
jyocd+turn,22_5,2978
jyocd+turn,22_7,3847
jyocd+turn,23_1,3831
jyocd+turn,23_2,3828
jyocd+turn,23_3,3826
jyocd+turn,23_4,3500
jyocd+turn,23_5,2669
jyocd+turn,23_6,36
jyocd+turn,23_7,3891
jyocd+turn,24_1,4106
jyocd+turn,24_2,4083
jyocd+turn,24_3,4083
jyocd+turn,24_4,2844
jyocd+turn,24_5,1694
jyocd+turn,24_6,204
jyocd+turn,24_7,4138
level1234,A1-A1-A1-A1,9791
level1234,A1-A1-A1-A2,3996
level1234,A1-A1-A1-B1,2135
level1234,A1-A1-A1-B2,118
level1234,A1-A1-A2-A1,3922
level1234,A1-A1-A2-A2,4132
level1234,A1-A1-A2-B1,3394
level1234,A1-A1-A2-B2,168
level1234,A1-A1-B1-A1,1987
level1234,A1-A1-B1-A2,3272
level1234,A1-A1-B1-B1,2485
level1234,A1-A1-B1-B2,213
level1234,A1-A1-B2-A1,87
level1234,A1-A1-B2-A2,119
level1234,A1-A1-B2-B1,106
level1234,A1-A1-B2-B2,11
level1234,A1-A2-A1-A1,3290
level1234,A1-A2-A1-A2,4772
level1234,A1-A2-A1-B1,4085
level1234,A1-A2-A1-B2,181
level1234,A1-A2-A2-A1,4499
level1234,A1-A2-A2-A2,4199
level1234,A1-A2-A2-B1,5345
level1234,A1-A2-A2-B2,257
level1234,A1-A2-B1-A1,4425
level1234,A1-A2-B1-A2,6182
level1234,A1-A2-B1-B1,7541
level1234,A1-A2-B1-B2,765
level1234,A1-A2-B2-A1,148
level1234,A1-A2-B2-A2,256
level1234,A1-A2-B2-B1,420
level1234,A1-A2-B2-B2,53
level1234,A1-B1-A1-A1,1494
level1234,A1-B1-A1-A2,3611
level1234,A1-B1-A1-B1,3326
level1234,A1-B1-A1-B2,309
level1234,A1-B1-A2-A1,3665
level1234,A1-B1-A2-A2,5091
level1234,A1-B1-A2-B1,7121
level1234,A1-B1-A2-B2,636
level1234,A1-B1-B1-A1,3382
level1234,A1-B1-B1-A2,6869
level1234,A1-B1-B1-B1,20364
level1234,A1-B1-B1-B2,3025
level1234,A1-B1-B2-A1,158
level1234,A1-B1-B2-A2,374
level1234,A1-B1-B2-B1,1386
level1234,A1-B1-B2-B2,192
level1234,A1-B2-A1-A1,66
level1234,A1-B2-A1-A2,123
level1234,A1-B2-A1-B1,163
level1234,A1-B2-A1-B2,14
level1234,A1-B2-A2-A1,106
level1234,A1-B2-A2-A2,185
level1234,A1-B2-A2-B1,290
level1234,A1-B2-A2-B2,33
level1234,A1-B2-B1-A1,149
level1234,A1-B2-B1-A2,295
level1234,A1-B2-B1-B1,1225
level1234,A1-B2-B1-B2,194
level1234,A1-B2-B2-A1,9
level1234,A1-B2-B2-A2,18
level1234,A1-B2-B2-B1,87
level1234,A1-B2-B2-B2,21
level1234,A2-A1-A1-A1,1276
level1234,A2-A1-A1-A2,1623
level1234,A2-A1-A1-B1,2388
level1234,A2-A1-A1-B2,172
level1234,A2-A1-A2-A1,1735
level1234,A2-A1-A2-A2,1866
level1234,A2-A1-A2-B1,4125
level1234,A2-A1-A2-B2,345
level1234,A2-A1-B1-A1,3005
level1234,A2-A1-B1-A2,5135
level1234,A2-A1-B1-B1,7856
level1234,A2-A1-B1-B2,971
level1234,A2-A1-B2-A1,106
level1234,A2-A1-B2-A2,206
level1234,A2-A1-B2-B1,434
level1234,A2-A1-B2-B2,58
level1234,A2-A2-A1-A1,1359
level1234,A2-A2-A1-A2,1673
level1234,A2-A2-A1-B1,3747
level1234,A2-A2-A1-B2,297
level1234,A2-A2-A2-A1,1501
level1234,A2-A2-A2-A2,1386
level1234,A2-A2-A2-B1,2930
level1234,A2-A2-A2-B2,236
level1234,A2-A2-B1-A1,4029
level1234,A2-A2-B1-A2,3532
level1234,A2-A2-B1-B1,6568
level1234,A2-A2-B1-B2,804
level1234,A2-A2-B2-A1,201
level1234,A2-A2-B2-A2,157
level1234,A2-A2-B2-B1,365
level1234,A2-A2-B2-B2,39
level1234,A2-B1-A1-A1,2959
level1234,A2-B1-A1-A2,5362
level1234,A2-B1-A1-B1,10032
level1234,A2-B1-A1-B2,1163
level1234,A2-B1-A2-A1,4408
level1234,A2-B1-A2-A2,3401
level1234,A2-B1-A2-B1,9215
level1234,A2-B1-A2-B2,1176
level1234,A2-B1-B1-A1,10154
level1234,A2-B1-B1-A2,9191
level1234,A2-B1-B1-B1,19713
level1234,A2-B1-B1-B2,3274
level1234,A2-B1-B2-A1,558
level1234,A2-B1-B2-A2,567
level1234,A2-B1-B2-B1,1350
level1234,A2-B1-B2-B2,229
level1234,A2-B2-A1-A1,124
level1234,A2-B2-A1-A2,222
level1234,A2-B2-A1-B1,542
level1234,A2-B2-A1-B2,67
level1234,A2-B2-A2-A1,161
level1234,A2-B2-A2-A2,138
level1234,A2-B2-A2-B1,484
level1234,A2-B2-A2-B2,61
level1234,A2-B2-B1-A1,481
level1234,A2-B2-B1-A2,486
level1234,A2-B2-B1-B1,1238
level1234,A2-B2-B1-B2,226
level1234,A2-B2-B2-A1,28
level1234,A2-B2-B2-A2,32
level1234,A2-B2-B2-B1,117
level1234,A2-B2-B2-B2,27
level1234,B1-A1-A1-A1,613
level1234,B1-A1-A1-A2,1762
level1234,B1-A1-A1-B1,2448
level1234,B1-A1-A1-B2,337
level1234,B1-A1-A2-A1,2052
level1234,B1-A1-A2-A2,3924
level1234,B1-A1-A2-B1,7183
level1234,B1-A1-A2-B2,1019
level1234,B1-A1-B1-A1,2729
level1234,B1-A1-B1-A2,6721
level1234,B1-A1-B1-B1,8009
level1234,B1-A1-B1-B2,1433
level1234,B1-A1-B2-A1,136
level1234,B1-A1-B2-A2,381
level1234,B1-A1-B2-B1,581
level1234,B1-A1-B2-B2,93
level1234,B1-A2-A1-A1,1778
level1234,B1-A2-A1-A2,3576
level1234,B1-A2-A1-B1,6166
level1234,B1-A2-A1-B2,845
level1234,B1-A2-A2-A1,3363
level1234,B1-A2-A2-A2,2634
level1234,B1-A2-A2-B1,7215
level1234,B1-A2-A2-B2,1116
level1234,B1-A2-B1-A1,6276
level1234,B1-A2-B1-A2,7124
level1234,B1-A2-B1-B1,10745
level1234,B1-A2-B1-B2,2076
level1234,B1-A2-B2-A1,376
level1234,B1-A2-B2-A2,442
level1234,B1-A2-B2-B1,774
level1234,B1-A2-B2-B2,123
level1234,B1-B1-A1-A1,2091
level1234,B1-B1-A1-A2,5753
level1234,B1-B1-A1-B1,7365
level1234,B1-B1-A1-B2,1253
level1234,B1-B1-A2-A1,5259
level1234,B1-B1-A2-A2,6089
level1234,B1-B1-A2-B1,11270
level1234,B1-B1-A2-B2,2104
level1234,B1-B1-B1-A1,7226
level1234,B1-B1-B1-A2,9113
level1234,B1-B1-B1-B1,30204
level1234,B1-B1-B1-B2,7398
level1234,B1-B1-B2-A1,534
level1234,B1-B1-B2-A2,724
level1234,B1-B1-B2-B1,2716
level1234,B1-B1-B2-B2,702
level1234,B1-B2-A1-A1,113
level1234,B1-B2-A1-A2,386
level1234,B1-B2-A1-B1,545
level1234,B1-B2-A1-B2,90
level1234,B1-B2-A2-A1,324
level1234,B1-B2-A2-A2,377
level1234,B1-B2-A2-B1,773
level1234,B1-B2-A2-B2,143
level1234,B1-B2-B1-A1,565
level1234,B1-B2-B1-A2,695
level1234,B1-B2-B1-B1,2693
level1234,B1-B2-B1-B2,728
level1234,B1-B2-B2-A1,62
level1234,B1-B2-B2-A2,62
level1234,B1-B2-B2-B1,287
level1234,B1-B2-B2-B2,87
level1234,B2-A1-A1-A1,54
level1234,B2-A1-A1-A2,86
level1234,B2-A1-A1-B1,101
level1234,B2-A1-A1-B2,12
level1234,B2-A1-A2-A1,99
level1234,B2-A1-A2-A2,203
level1234,B2-A1-A2-B1,337
level1234,B2-A1-A2-B2,49
level1234,B2-A1-B1-A1,112
level1234,B2-A1-B1-A2,329
level1234,B2-A1-B1-B1,412
level1234,B2-A1-B1-B2,77
level1234,B2-A1-B2-A1,9
level1234,B2-A1-B2-A2,18
level1234,B2-A1-B2-B1,34
level1234,B2-A1-B2-B2,5
level1234,B2-A2-A1-A1,73
level1234,B2-A2-A1-A2,166
level1234,B2-A2-A1-B1,311
level1234,B2-A2-A1-B2,29
level1234,B2-A2-A2-A1,149
level1234,B2-A2-A2-A2,120
level1234,B2-A2-A2-B1,321
level1234,B2-A2-A2-B2,52
level1234,B2-A2-B1-A1,285
level1234,B2-A2-B1-A2,330
level1234,B2-A2-B1-B1,643
level1234,B2-A2-B1-B2,146
level1234,B2-A2-B2-A1,23
level1234,B2-A2-B2-A2,23
level1234,B2-A2-B2-B1,46
level1234,B2-A2-B2-B2,12
level1234,B2-B1-A1-A1,94
level1234,B2-B1-A1-A2,252
level1234,B2-B1-A1-B1,442
level1234,B2-B1-A1-B2,73
level1234,B2-B1-A2-A1,232
level1234,B2-B1-A2-A2,316
level1234,B2-B1-A2-B1,658
level1234,B2-B1-A2-B2,112
level1234,B2-B1-B1-A1,440
level1234,B2-B1-B1-A2,623
level1234,B2-B1-B1-B1,2431
level1234,B2-B1-B1-B2,693
level1234,B2-B1-B2-A1,39
level1234,B2-B1-B2-A2,56
level1234,B2-B1-B2-B1,248
level1234,B2-B1-B2-B2,82
level1234,B2-B2-A1-A1,3
level1234,B2-B2-A1-A2,9
level1234,B2-B2-A1-B1,39
level1234,B2-B2-A1-B2,3
level1234,B2-B2-A2-A1,12
level1234,B2-B2-A2-A2,14
level1234,B2-B2-A2-B1,61
level1234,B2-B2-A2-B2,13
level1234,B2-B2-B1-A1,27
level1234,B2-B2-B1-A2,60
level1234,B2-B2-B1-B1,258
level1234,B2-B2-B1-B2,83
level1234,B2-B2-B2-A1,3
level1234,B2-B2-B2-A2,4
level1234,B2-B2-B2-B1,34
level1234,B2-B2-B2-B2,33
nation123rank,1_1_1,100270
nation123rank,1_1_2,2646
nation123rank,1_1_3,2402
nation123rank,1_1_4,2533
nation123rank,1_1_5,1851
nation123rank,1_1_6,1706
nation123rank,1_2_1,2976
nation123rank,1_2_2,1316
nation123rank,1_2_3,136
nation123rank,1_2_4,138
nation123rank,1_2_5,128
nation123rank,1_2_6,79
nation123rank,1_3_1,3040
nation123rank,1_3_2,164
nation123rank,1_3_3,1226
nation123rank,1_3_4,112
nation123rank,1_3_5,134
nation123rank,1_3_6,112
nation123rank,1_4_1,3090
nation123rank,1_4_2,131
nation123rank,1_4_3,133
nation123rank,1_4_4,1305
nation123rank,1_4_5,103
nation123rank,1_4_6,98
nation123rank,1_5_1,2269
nation123rank,1_5_2,127
nation123rank,1_5_3,109
nation123rank,1_5_4,96
nation123rank,1_5_5,891
nation123rank,1_5_6,72
nation123rank,1_6_1,1972
nation123rank,1_6_2,78
nation123rank,1_6_3,86
nation123rank,1_6_4,82
nation123rank,1_6_5,69
nation123rank,1_6_6,774
nation123rank,2_1_1,1623
nation123rank,2_1_2,1780
nation123rank,2_1_3,105
nation123rank,2_1_4,109
nation123rank,2_1_5,77
nation123rank,2_1_6,63
nation123rank,2_2_1,16391
nation123rank,2_2_2,47312
nation123rank,2_2_3,1586
nation123rank,2_2_4,1604
nation123rank,2_2_5,1345
nation123rank,2_2_6,1283
nation123rank,2_3_1,685
nation123rank,2_3_2,1377
nation123rank,2_3_3,696
nation123rank,2_3_4,75
nation123rank,2_3_5,60
nation123rank,2_3_6,56
nation123rank,2_4_1,778
nation123rank,2_4_2,1410
nation123rank,2_4_3,82
nation123rank,2_4_4,692
nation123rank,2_4_5,62
nation123rank,2_4_6,47
nation123rank,2_5_1,656
nation123rank,2_5_2,1131
nation123rank,2_5_3,80
nation123rank,2_5_4,67
nation123rank,2_5_5,590
nation123rank,2_5_6,47
nation123rank,2_6_1,582
nation123rank,2_6_2,1108
nation123rank,2_6_3,59
nation123rank,2_6_4,53
nation123rank,2_6_5,46
nation123rank,2_6_6,551
nation123rank,3_1_1,1723
nation123rank,3_1_2,97
nation123rank,3_1_3,1865
nation123rank,3_1_4,96
nation123rank,3_1_5,86
nation123rank,3_1_6,76
nation123rank,3_2_1,682
nation123rank,3_2_2,670
nation123rank,3_2_3,1351
nation123rank,3_2_4,60
nation123rank,3_2_5,62
nation123rank,3_2_6,56
nation123rank,3_3_1,15900
nation123rank,3_3_2,1476
nation123rank,3_3_3,47875
nation123rank,3_3_4,1516
nation123rank,3_3_5,1335
nation123rank,3_3_6,1281
nation123rank,3_4_1,675
nation123rank,3_4_2,66
nation123rank,3_4_3,1321
nation123rank,3_4_4,635
nation123rank,3_4_5,52
nation123rank,3_4_6,46
nation123rank,3_5_1,623
nation123rank,3_5_2,68
nation123rank,3_5_3,1152
nation123rank,3_5_4,49
nation123rank,3_5_5,603
nation123rank,3_5_6,44
nation123rank,3_6_1,629
nation123rank,3_6_2,54
nation123rank,3_6_3,1068
nation123rank,3_6_4,55
nation123rank,3_6_5,45
nation123rank,3_6_6,543
nation123rank,4_1_1,1763
nation123rank,4_1_2,89
nation123rank,4_1_3,85
nation123rank,4_1_4,1979
nation123rank,4_1_5,79
nation123rank,4_1_6,82
nation123rank,4_2_1,690
nation123rank,4_2_2,652
nation123rank,4_2_3,59
nation123rank,4_2_4,1391
nation123rank,4_2_5,38
nation123rank,4_2_6,60
nation123rank,4_3_1,677
nation123rank,4_3_2,76
nation123rank,4_3_3,610
nation123rank,4_3_4,1309
nation123rank,4_3_5,45
nation123rank,4_3_6,50
nation123rank,4_4_1,16058
nation123rank,4_4_2,1522
nation123rank,4_4_3,1427
nation123rank,4_4_4,47247
nation123rank,4_4_5,1130
nation123rank,4_4_6,1115
nation123rank,4_5_1,544
nation123rank,4_5_2,39
nation123rank,4_5_3,52
nation123rank,4_5_4,958
nation123rank,4_5_5,516
nation123rank,4_5_6,33
nation123rank,4_6_1,510
nation123rank,4_6_2,47
nation123rank,4_6_3,45
nation123rank,4_6_4,951
nation123rank,4_6_5,30
nation123rank,4_6_6,466
nation123rank,5_1_1,1196
nation123rank,5_1_2,74
nation123rank,5_1_3,69
nation123rank,5_1_4,51
nation123rank,5_1_5,1319
nation123rank,5_1_6,53
nation123rank,5_2_1,594
nation123rank,5_2_2,555
nation123rank,5_2_3,61
nation123rank,5_2_4,42
nation123rank,5_2_5,1156
nation123rank,5_2_6,48
nation123rank,5_3_1,582
nation123rank,5_3_2,51
nation123rank,5_3_3,544
nation123rank,5_3_4,47
nation123rank,5_3_5,1102
nation123rank,5_3_6,33
nation123rank,5_4_1,475
nation123rank,5_4_2,35
nation123rank,5_4_3,47
nation123rank,5_4_4,430
nation123rank,5_4_5,909
nation123rank,5_4_6,35
nation123rank,5_5_1,12356
nation123rank,5_5_2,1322
nation123rank,5_5_3,1218
nation123rank,5_5_4,961
nation123rank,5_5_5,34339
nation123rank,5_5_6,889
nation123rank,5_6_1,457
nation123rank,5_6_2,30
nation123rank,5_6_3,48
nation123rank,5_6_4,36
nation123rank,5_6_5,737
nation123rank,5_6_6,397
nation123rank,6_1_1,1046
nation123rank,6_1_2,48
nation123rank,6_1_3,52
nation123rank,6_1_4,56
nation123rank,6_1_5,47
nation123rank,6_1_6,1197
nation123rank,6_2_1,595
nation123rank,6_2_2,585
nation123rank,6_2_3,40
nation123rank,6_2_4,56
nation123rank,6_2_5,43
nation123rank,6_2_6,1006
nation123rank,6_3_1,582
nation123rank,6_3_2,62
nation123rank,6_3_3,553
nation123rank,6_3_4,38
nation123rank,6_3_5,29
nation123rank,6_3_6,1029
nation123rank,6_4_1,494
nation123rank,6_4_2,41
nation123rank,6_4_3,34
nation123rank,6_4_4,437
nation123rank,6_4_5,32
nation123rank,6_4_6,887
nation123rank,6_5_1,434
nation123rank,6_5_2,36
nation123rank,6_5_3,37
nation123rank,6_5_4,26
nation123rank,6_5_5,340
nation123rank,6_5_6,724
nation123rank,6_6_1,12841
nation123rank,6_6_2,1247
nation123rank,6_6_3,1236
nation123rank,6_6_4,1023
nation123rank,6_6_5,865
nation123rank,6_6_6,34363
nopattern,nopattern,507540
raceno,1,42516
raceno,10,42065
raceno,11,42087
raceno,12,42047
raceno,2,42523
raceno,3,42494
raceno,4,42496
raceno,5,42436
raceno,6,42344
raceno,7,42259
raceno,8,42182
raceno,9,42091
racetype,1,217356
racetype,2,23779
racetype,3,125788
racetype,4,31571
racetype,5,17925
racetype,6,19559
racetype,7,7367
racetype,else,64195
racetype+alevelcount,1_0,20359
racetype+alevelcount,1_1,29189
racetype+alevelcount,1_2,46249
racetype+alevelcount,1_3,85603
racetype+alevelcount,1_4,34183
racetype+alevelcount,1_5,1541
racetype+alevelcount,1_6,232
racetype+alevelcount,2_0,97
racetype+alevelcount,2_1,219
racetype+alevelcount,2_2,748
racetype+alevelcount,2_3,4050
racetype+alevelcount,2_4,13793
racetype+alevelcount,2_5,3138
racetype+alevelcount,2_6,1734
racetype+alevelcount,3_0,15550
racetype+alevelcount,3_1,22944
racetype+alevelcount,3_2,32890
racetype+alevelcount,3_3,38044
racetype+alevelcount,3_4,14592
racetype+alevelcount,3_5,1357
racetype+alevelcount,3_6,411
racetype+alevelcount,4_0,100
racetype+alevelcount,4_1,398
racetype+alevelcount,4_2,1269
racetype+alevelcount,4_3,4631
racetype+alevelcount,4_4,12209
racetype+alevelcount,4_5,8147
racetype+alevelcount,4_6,4817
racetype+alevelcount,5_0,28
racetype+alevelcount,5_1,184
racetype+alevelcount,5_2,678
racetype+alevelcount,5_3,2545
racetype+alevelcount,5_4,8725
racetype+alevelcount,5_5,3761
racetype+alevelcount,5_6,2004
racetype+alevelcount,6_0,26
racetype+alevelcount,6_1,101
racetype+alevelcount,6_2,579
racetype+alevelcount,6_3,2572
racetype+alevelcount,6_4,6210
racetype+alevelcount,6_5,7135
racetype+alevelcount,6_6,2936
racetype+alevelcount,7_0,7
racetype+alevelcount,7_1,8
racetype+alevelcount,7_2,23
racetype+alevelcount,7_3,185
racetype+alevelcount,7_4,982
racetype+alevelcount,7_5,2705
racetype+alevelcount,7_6,3457
racetype+alevelcount,else_0,448
racetype+alevelcount,else_1,18388
racetype+alevelcount,else_2,12163
racetype+alevelcount,else_3,9327
racetype+alevelcount,else_4,9285
racetype+alevelcount,else_5,5477
racetype+alevelcount,else_6,9107
racetype+level12,1_A1-A1,2172
racetype+level12,1_A1-A2,5719
racetype+level12,1_A1-B1,16764
racetype+level12,1_A1-B2,941
racetype+level12,1_A2-A1,12417
racetype+level12,1_A2-A2,8435
racetype+level12,1_A2-B1,33864
racetype+level12,1_A2-B2,2032
racetype+level12,1_B1-A1,28267
racetype+level12,1_B1-A2,35119
racetype+level12,1_B1-B1,59505
racetype+level12,1_B1-B2,5210
racetype+level12,1_B2-A1,1257
racetype+level12,1_B2-A2,1521
racetype+level12,1_B2-B1,3736
racetype+level12,1_B2-B2,397
racetype+level12,2_A1-A1,1619
racetype+level12,2_A1-A2,6172
racetype+level12,2_A1-B1,4468
racetype+level12,2_A1-B2,139
racetype+level12,2_A2-A1,2954
racetype+level12,2_A2-A2,2891
racetype+level12,2_A2-B1,3754
racetype+level12,2_A2-B2,150
racetype+level12,2_B1-A1,486
racetype+level12,2_B1-A2,596
racetype+level12,2_B1-B1,421
racetype+level12,2_B1-B2,35
racetype+level12,2_B2-A1,15
racetype+level12,2_B2-A2,41
racetype+level12,2_B2-B1,37
racetype+level12,2_B2-B2,1
racetype+level12,3_A1-A1,1371
racetype+level12,3_A1-A2,4989
racetype+level12,3_A1-B1,13208
racetype+level12,3_A1-B2,614
racetype+level12,3_A2-A1,4650
racetype+level12,3_A2-A2,7534
racetype+level12,3_A2-B1,25393
racetype+level12,3_A2-B2,1212
racetype+level12,3_B1-A1,7642
racetype+level12,3_B1-A2,15653
racetype+level12,3_B1-B1,36733
racetype+level12,3_B1-B2,2460
racetype+level12,3_B2-A1,419
racetype+level12,3_B2-A2,916
racetype+level12,3_B2-B1,2757
racetype+level12,3_B2-B2,237
racetype+level12,4_A1-A1,7464
racetype+level12,4_A1-A2,8394
racetype+level12,4_A1-B1,5175
racetype+level12,4_A1-B2,162
racetype+level12,4_A2-A1,2328
racetype+level12,4_A2-A2,2507
racetype+level12,4_A2-B1,2484
racetype+level12,4_A2-B2,90
racetype+level12,4_B1-A1,854
racetype+level12,4_B1-A2,1108
racetype+level12,4_B1-B1,800
racetype+level12,4_B1-B2,42
racetype+level12,4_B2-A1,64
racetype+level12,4_B2-A2,52
racetype+level12,4_B2-B1,46
racetype+level12,4_B2-B2,1
racetype+level12,5_A1-A1,1805
racetype+level12,5_A1-A2,4741
racetype+level12,5_A1-B1,2663
racetype+level12,5_A1-B2,99
racetype+level12,5_A2-A1,2072
racetype+level12,5_A2-A2,2152
racetype+level12,5_A2-B1,2399
racetype+level12,5_A2-B2,96
racetype+level12,5_B1-A1,620
racetype+level12,5_B1-A2,808
racetype+level12,5_B1-B1,340
racetype+level12,5_B1-B2,22
racetype+level12,5_B2-A1,26
racetype+level12,5_B2-A2,52
racetype+level12,5_B2-B1,30
racetype+level12,6_A1-A1,7764
racetype+level12,6_A1-A2,4622
racetype+level12,6_A1-B1,1707
racetype+level12,6_A1-B2,95
racetype+level12,6_A2-A1,2255
racetype+level12,6_A2-A2,1338
racetype+level12,6_A2-B1,525
racetype+level12,6_A2-B2,35
racetype+level12,6_B1-A1,554
racetype+level12,6_B1-A2,353
racetype+level12,6_B1-B1,181
racetype+level12,6_B1-B2,10
racetype+level12,6_B2-A1,62
racetype+level12,6_B2-A2,34
racetype+level12,6_B2-B1,20
racetype+level12,6_B2-B2,4
racetype+level12,7_A1-A1,4136
racetype+level12,7_A1-A2,1314
racetype+level12,7_A1-B1,369
racetype+level12,7_A1-B2,41
racetype+level12,7_A2-A1,780
racetype+level12,7_A2-A2,304
racetype+level12,7_A2-B1,102
racetype+level12,7_A2-B2,11
racetype+level12,7_B1-A1,152
racetype+level12,7_B1-A2,81
racetype+level12,7_B1-B1,31
racetype+level12,7_B1-B2,3
racetype+level12,7_B2-A1,26
racetype+level12,7_B2-A2,12
racetype+level12,7_B2-B1,5
racetype+level12,else_A1-A1,9605
racetype+level12,else_A1-A2,10467
racetype+level12,else_A1-B1,16649
racetype+level12,else_A1-B2,887
racetype+level12,else_A2-A1,3845
racetype+level12,else_A2-A2,3663
racetype+level12,else_A2-B1,14231
racetype+level12,else_A2-B2,808
racetype+level12,else_B1-A1,846
racetype+level12,else_B1-A2,911
racetype+level12,else_B1-B1,1790
racetype+level12,else_B1-B2,148
racetype+level12,else_B2-A1,68
racetype+level12,else_B2-A2,101
racetype+level12,else_B2-B1,160
racetype+level12,else_B2-B2,16
turn,1,93658
turn,2,93442
turn,3,93517
turn,4,75015
turn,5,54987
turn,6,2930
turn,7,93991
turn+alevelcount,1_0,7002
turn+alevelcount,1_1,12188
turn+alevelcount,1_2,15423
turn+alevelcount,1_3,28523
turn+alevelcount,1_4,18352
turn+alevelcount,1_5,3150
turn+alevelcount,1_6,9020
turn+alevelcount,2_0,6363
turn+alevelcount,2_1,11978
turn+alevelcount,2_2,15684
turn+alevelcount,2_3,29218
turn+alevelcount,2_4,21250
turn+alevelcount,2_5,5338
turn+alevelcount,2_6,3611
turn+alevelcount,3_0,5700
turn+alevelcount,3_1,12000
turn+alevelcount,3_2,16825
turn+alevelcount,3_3,28786
turn+alevelcount,3_4,21644
turn+alevelcount,3_5,6008
turn+alevelcount,3_6,2554
turn+alevelcount,4_0,4621
turn+alevelcount,4_1,9938
turn+alevelcount,4_2,14012
turn+alevelcount,4_3,22708
turn+alevelcount,4_4,15811
turn+alevelcount,4_5,5675
turn+alevelcount,4_6,2250
turn+alevelcount,5_0,4194
turn+alevelcount,5_1,7812
turn+alevelcount,5_2,10061
turn+alevelcount,5_3,14665
turn+alevelcount,5_4,10440
turn+alevelcount,5_5,5565
turn+alevelcount,5_6,2250
turn+alevelcount,6_0,240
turn+alevelcount,6_1,387
turn+alevelcount,6_2,435
turn+alevelcount,6_3,799
turn+alevelcount,6_4,589
turn+alevelcount,6_5,335
turn+alevelcount,6_6,145
turn+alevelcount,7_0,8495
turn+alevelcount,7_1,17128
turn+alevelcount,7_2,22159
turn+alevelcount,7_3,22258
turn+alevelcount,7_4,11893
turn+alevelcount,7_5,7190
turn+alevelcount,7_6,4868
turn+alevelcount+level1,1_0_B1,6507
turn+alevelcount+level1,1_0_B2,495
turn+alevelcount+level1,1_1_A1,4200
turn+alevelcount+level1,1_1_A2,2521
turn+alevelcount+level1,1_1_B1,5166
turn+alevelcount+level1,1_1_B2,301
turn+alevelcount+level1,1_2_A1,2278
turn+alevelcount+level1,1_2_A2,4178
turn+alevelcount+level1,1_2_B1,8711
turn+alevelcount+level1,1_2_B2,256
turn+alevelcount+level1,1_3_A1,3526
turn+alevelcount+level1,1_3_A2,9881
turn+alevelcount+level1,1_3_B1,14775
turn+alevelcount+level1,1_3_B2,341
turn+alevelcount+level1,1_4_A1,5355
turn+alevelcount+level1,1_4_A2,8622
turn+alevelcount+level1,1_4_B1,4295
turn+alevelcount+level1,1_4_B2,80
turn+alevelcount+level1,1_5_A1,1823
turn+alevelcount+level1,1_5_A2,1101
turn+alevelcount+level1,1_5_B1,191
turn+alevelcount+level1,1_5_B2,35
turn+alevelcount+level1,1_6_A1,8262
turn+alevelcount+level1,1_6_A2,758
turn+alevelcount+level1,2_0_B1,5910
turn+alevelcount+level1,2_0_B2,453
turn+alevelcount+level1,2_1_A1,4046
turn+alevelcount+level1,2_1_A2,2403
turn+alevelcount+level1,2_1_B1,5156
turn+alevelcount+level1,2_1_B2,373
turn+alevelcount+level1,2_2_A1,2133
turn+alevelcount+level1,2_2_A2,4399
turn+alevelcount+level1,2_2_B1,8735
turn+alevelcount+level1,2_2_B2,417
turn+alevelcount+level1,2_3_A1,3675
turn+alevelcount+level1,2_3_A2,10253
turn+alevelcount+level1,2_3_B1,14712
turn+alevelcount+level1,2_3_B2,578
turn+alevelcount+level1,2_4_A1,7882
turn+alevelcount+level1,2_4_A2,8894
turn+alevelcount+level1,2_4_B1,4322
turn+alevelcount+level1,2_4_B2,152
turn+alevelcount+level1,2_5_A1,3912
turn+alevelcount+level1,2_5_A2,1268
turn+alevelcount+level1,2_5_B1,151
turn+alevelcount+level1,2_5_B2,7
turn+alevelcount+level1,2_6_A1,3134
turn+alevelcount+level1,2_6_A2,477
turn+alevelcount+level1,3_0_B1,5234
turn+alevelcount+level1,3_0_B2,466
turn+alevelcount+level1,3_1_A1,3819
turn+alevelcount+level1,3_1_A2,2408
turn+alevelcount+level1,3_1_B1,5339
turn+alevelcount+level1,3_1_B2,434
turn+alevelcount+level1,3_2_A1,2250
turn+alevelcount+level1,3_2_A2,4139
turn+alevelcount+level1,3_2_B1,9842
turn+alevelcount+level1,3_2_B2,594
turn+alevelcount+level1,3_3_A1,3533
turn+alevelcount+level1,3_3_A2,8854
turn+alevelcount+level1,3_3_B1,15697
turn+alevelcount+level1,3_3_B2,702
turn+alevelcount+level1,3_4_A1,7733
turn+alevelcount+level1,3_4_A2,8659
turn+alevelcount+level1,3_4_B1,5026
turn+alevelcount+level1,3_4_B2,226
turn+alevelcount+level1,3_5_A1,4150
turn+alevelcount+level1,3_5_A2,1594
turn+alevelcount+level1,3_5_B1,252
turn+alevelcount+level1,3_5_B2,12
turn+alevelcount+level1,3_6_A1,2068
turn+alevelcount+level1,3_6_A2,486
turn+alevelcount+level1,4_0_B1,4113
turn+alevelcount+level1,4_0_B2,508
turn+alevelcount+level1,4_1_A1,3568
turn+alevelcount+level1,4_1_A2,1717
turn+alevelcount+level1,4_1_B1,4197
turn+alevelcount+level1,4_1_B2,456
turn+alevelcount+level1,4_2_A1,3115
turn+alevelcount+level1,4_2_A2,3128
turn+alevelcount+level1,4_2_B1,7136
turn+alevelcount+level1,4_2_B2,633
turn+alevelcount+level1,4_3_A1,5488
turn+alevelcount+level1,4_3_A2,6023
turn+alevelcount+level1,4_3_B1,10423
turn+alevelcount+level1,4_3_B2,774
turn+alevelcount+level1,4_4_A1,7731
turn+alevelcount+level1,4_4_A2,4597
turn+alevelcount+level1,4_4_B1,3250
turn+alevelcount+level1,4_4_B2,233
turn+alevelcount+level1,4_5_A1,4235
turn+alevelcount+level1,4_5_A2,1184
turn+alevelcount+level1,4_5_B1,237
turn+alevelcount+level1,4_5_B2,19
turn+alevelcount+level1,4_6_A1,1848
turn+alevelcount+level1,4_6_A2,402
turn+alevelcount+level1,5_0_B1,3821
turn+alevelcount+level1,5_0_B2,373
turn+alevelcount+level1,5_1_A1,2008
turn+alevelcount+level1,5_1_A2,2151
turn+alevelcount+level1,5_1_B1,3369
turn+alevelcount+level1,5_1_B2,284
turn+alevelcount+level1,5_2_A1,2043
turn+alevelcount+level1,5_2_A2,3389
turn+alevelcount+level1,5_2_B1,4383
turn+alevelcount+level1,5_2_B2,246
turn+alevelcount+level1,5_3_A1,4025
turn+alevelcount+level1,5_3_A2,5909
turn+alevelcount+level1,5_3_B1,4496
turn+alevelcount+level1,5_3_B2,235
turn+alevelcount+level1,5_4_A1,4846
turn+alevelcount+level1,5_4_A2,4039
turn+alevelcount+level1,5_4_B1,1457
turn+alevelcount+level1,5_4_B2,98
turn+alevelcount+level1,5_5_A1,4088
turn+alevelcount+level1,5_5_A2,1272
turn+alevelcount+level1,5_5_B1,183
turn+alevelcount+level1,5_5_B2,22
turn+alevelcount+level1,5_6_A1,1721
turn+alevelcount+level1,5_6_A2,529
turn+alevelcount+level1,6_0_B1,220
turn+alevelcount+level1,6_0_B2,20
turn+alevelcount+level1,6_1_A1,85
turn+alevelcount+level1,6_1_A2,104
turn+alevelcount+level1,6_1_B1,186
turn+alevelcount+level1,6_1_B2,12
turn+alevelcount+level1,6_2_A1,103
turn+alevelcount+level1,6_2_A2,127
turn+alevelcount+level1,6_2_B1,195
turn+alevelcount+level1,6_2_B2,10
turn+alevelcount+level1,6_3_A1,222
turn+alevelcount+level1,6_3_A2,317
turn+alevelcount+level1,6_3_B1,250
turn+alevelcount+level1,6_3_B2,10
turn+alevelcount+level1,6_4_A1,267
turn+alevelcount+level1,6_4_A2,228
turn+alevelcount+level1,6_4_B1,87
turn+alevelcount+level1,6_4_B2,7
turn+alevelcount+level1,6_5_A1,249
turn+alevelcount+level1,6_5_A2,68
turn+alevelcount+level1,6_5_B1,13
turn+alevelcount+level1,6_5_B2,5
turn+alevelcount+level1,6_6_A1,114
turn+alevelcount+level1,6_6_A2,31
turn+alevelcount+level1,7_0_B1,7754
turn+alevelcount+level1,7_0_B2,741
turn+alevelcount+level1,7_1_A1,3787
turn+alevelcount+level1,7_1_A2,4948
turn+alevelcount+level1,7_1_B1,7815
turn+alevelcount+level1,7_1_B2,578
turn+alevelcount+level1,7_2_A1,4015
turn+alevelcount+level1,7_2_A2,8026
turn+alevelcount+level1,7_2_B1,9648
turn+alevelcount+level1,7_2_B2,470
turn+alevelcount+level1,7_3_A1,5656
turn+alevelcount+level1,7_3_A2,9970
turn+alevelcount+level1,7_3_B1,6293
turn+alevelcount+level1,7_3_B2,339
turn+alevelcount+level1,7_4_A1,4887
turn+alevelcount+level1,7_4_A2,5048
turn+alevelcount+level1,7_4_B1,1874
turn+alevelcount+level1,7_4_B2,84
turn+alevelcount+level1,7_5_A1,4570
turn+alevelcount+level1,7_5_A2,2226
turn+alevelcount+level1,7_5_B1,360
turn+alevelcount+level1,7_5_B2,34
turn+alevelcount+level1,7_6_A1,3885
turn+alevelcount+level1,7_6_A2,983
turn+apos,1_0000,8555
turn+apos,1_0001,3460
turn+apos,1_0010,4931
turn+apos,1_0011,4466
turn+apos,1_0100,4292
turn+apos,1_0101,6142
turn+apos,1_0110,5365
turn+apos,1_0111,3942
turn+apos,1_1000,8675
turn+apos,1_1001,6114
turn+apos,1_1010,6488
turn+apos,1_1011,5947
turn+apos,1_1100,4355
turn+apos,1_1101,5633
turn+apos,1_1110,3656
turn+apos,1_1111,11637
turn+apos,2_0000,8631
turn+apos,2_0001,3395
turn+apos,2_0010,4816
turn+apos,2_0011,3759
turn+apos,2_0100,5469
turn+apos,2_0101,5073
turn+apos,2_0110,6214
turn+apos,2_0111,3609
turn+apos,2_1000,8985
turn+apos,2_1001,5697
turn+apos,2_1010,6687
turn+apos,2_1011,6069
turn+apos,2_1100,5795
turn+apos,2_1101,6204
turn+apos,2_1110,5701
turn+apos,2_1111,7338
turn+apos,3_0000,7997
turn+apos,3_0001,3723
turn+apos,3_0010,5029
turn+apos,3_0011,4795
turn+apos,3_0100,5342
turn+apos,3_0101,5359
turn+apos,3_0110,6619
turn+apos,3_0111,4960
turn+apos,3_1000,8337
turn+apos,3_1001,5209
turn+apos,3_1010,5957
turn+apos,3_1011,5880
turn+apos,3_1100,5283
turn+apos,3_1101,5930
turn+apos,3_1110,5993
turn+apos,3_1111,7104
turn+apos,4_0000,6061
turn+apos,4_0001,2731
turn+apos,4_0010,3479
turn+apos,4_0011,3697
turn+apos,4_0100,3482
turn+apos,4_0101,3678
turn+apos,4_0110,4633
turn+apos,4_0111,4218
turn+apos,4_1000,7002
turn+apos,4_1001,4237
turn+apos,4_1010,4831
turn+apos,4_1011,4939
turn+apos,4_1100,4131
turn+apos,4_1101,5125
turn+apos,4_1110,5548
turn+apos,4_1111,7223
turn+apos,5_0000,5483
turn+apos,5_0001,2316
turn+apos,5_0010,2154
turn+apos,5_0011,1949
turn+apos,5_0100,1866
turn+apos,5_0101,1920
turn+apos,5_0110,1660
turn+apos,5_0111,1619
turn+apos,5_1000,5997
turn+apos,5_1001,4135
turn+apos,5_1010,3864
turn+apos,5_1011,3514
turn+apos,5_1100,3153
turn+apos,5_1101,3914
turn+apos,5_1110,4177
turn+apos,5_1111,7266
turn+apos,6_0000,319
turn+apos,6_0001,106
turn+apos,6_0010,101
turn+apos,6_0011,91
turn+apos,6_0100,107
turn+apos,6_0101,103
turn+apos,6_0110,95
turn+apos,6_0111,93
turn+apos,6_1000,280
turn+apos,6_1001,212
turn+apos,6_1010,203
turn+apos,6_1011,177
turn+apos,6_1100,148
turn+apos,6_1101,258
turn+apos,6_1110,229
turn+apos,6_1111,408
turn+apos,7_0000,11631
turn+apos,7_0001,4502
turn+apos,7_0010,4434
turn+apos,7_0011,2567
turn+apos,7_0100,4651
turn+apos,7_0101,3039
turn+apos,7_0110,2955
turn+apos,7_0111,2211
turn+apos,7_1000,13392
turn+apos,7_1001,7147
turn+apos,7_1010,6602
turn+apos,7_1011,4590
turn+apos,7_1100,5824
turn+apos,7_1101,5783
turn+apos,7_1110,4619
turn+apos,7_1111,10044
turn+level1,1_A1,25444
turn+level1,1_A2,27061
turn+level1,1_B1,39645
turn+level1,1_B2,1508
turn+level1,2_A1,24782
turn+level1,2_A2,27694
turn+level1,2_B1,38986
turn+level1,2_B2,1980
turn+level1,3_A1,23553
turn+level1,3_A2,26140
turn+level1,3_B1,41390
turn+level1,3_B2,2434
turn+level1,4_A1,25985
turn+level1,4_A2,17051
turn+level1,4_B1,29356
turn+level1,4_B2,2623
turn+level1,5_A1,18731
turn+level1,5_A2,17289
turn+level1,5_B1,17709
turn+level1,5_B2,1258
turn+level1,6_A1,1040
turn+level1,6_A2,875
turn+level1,6_B1,951
turn+level1,6_B2,64
turn+level1,7_A1,26800
turn+level1,7_A2,31201
turn+level1,7_B1,33744
turn+level1,7_B2,2246
turn+level12,1_A1-A1,7903
turn+level12,1_A1-A2,7259
turn+level12,1_A1-B1,9839
turn+level12,1_A1-B2,443
turn+level12,1_A2-A1,5070
turn+level12,1_A2-A2,5049
turn+level12,1_A2-B1,16232
turn+level12,1_A2-B2,710
turn+level12,1_B1-A1,7610
turn+level12,1_B1-A2,11625
turn+level12,1_B1-B1,18783
turn+level12,1_B1-B2,1627
turn+level12,1_B2-A1,229
turn+level12,1_B2-A2,277
turn+level12,1_B2-B1,891
turn+level12,1_B2-B2,111
turn+level12,2_A1-A1,3857
turn+level12,2_A1-A2,9471
turn+level12,2_A1-B1,10883
turn+level12,2_A1-B2,571
turn+level12,2_A2-A1,7082
turn+level12,2_A2-A2,4628
turn+level12,2_A2-B1,14963
turn+level12,2_A2-B2,1021
turn+level12,2_B1-A1,8996
turn+level12,2_B1-A2,10567
turn+level12,2_B1-B1,17809
turn+level12,2_B1-B2,1614
turn+level12,2_B2-A1,354
turn+level12,2_B2-A2,448
turn+level12,2_B2-B1,1062
turn+level12,2_B2-B2,116
turn+level12,3_A1-A1,4416
turn+level12,3_A1-A2,8288
turn+level12,3_A1-B1,10352
turn+level12,3_A1-B2,497
turn+level12,3_A2-A1,6401
turn+level12,3_A2-A2,5205
turn+level12,3_A2-B1,13737
turn+level12,3_A2-B2,797
turn+level12,3_B1-A1,9169
turn+level12,3_B1-A2,12061
turn+level12,3_B1-B1,18644
turn+level12,3_B1-B2,1516
turn+level12,3_B2-A1,430
turn+level12,3_B2-A2,620
turn+level12,3_B2-B1,1267
turn+level12,3_B2-B2,117
turn+level12,4_A1-A1,6009
turn+level12,4_A1-A2,8272
turn+level12,4_A1-B1,11112
turn+level12,4_A1-B2,592
turn+level12,4_A2-A1,4309
turn+level12,4_A2-A2,3437
turn+level12,4_A2-B1,8811
turn+level12,4_A2-B2,494
turn+level12,4_B1-A1,7106
turn+level12,4_B1-A2,7718
turn+level12,4_B1-B1,13521
turn+level12,4_B1-B2,1011
turn+level12,4_B2-A1,547
turn+level12,4_B2-A2,640
turn+level12,4_B2-B1,1333
turn+level12,4_B2-B2,103
turn+level12,5_A1-A1,6182
turn+level12,5_A1-A2,5367
turn+level12,5_A1-B1,6846
turn+level12,5_A1-B2,336
turn+level12,5_A2-A1,3437
turn+level12,5_A2-A2,3524
turn+level12,5_A2-B1,9834
turn+level12,5_A2-B2,494
turn+level12,5_B1-A1,2534
turn+level12,5_B1-A2,4127
turn+level12,5_B1-B1,10294
turn+level12,5_B1-B2,754
turn+level12,5_B2-A1,153
turn+level12,5_B2-A2,251
turn+level12,5_B2-B1,786
turn+level12,5_B2-B2,68
turn+level12,6_A1-A1,377
turn+level12,6_A1-A2,293
turn+level12,6_A1-B1,356
turn+level12,6_A1-B2,14
turn+level12,6_A2-A1,206
turn+level12,6_A2-A2,167
turn+level12,6_A2-B1,481
turn+level12,6_A2-B2,21
turn+level12,6_B1-A1,157
turn+level12,6_B1-A2,217
turn+level12,6_B1-B1,539
turn+level12,6_B1-B2,38
turn+level12,6_B2-A1,8
turn+level12,6_B2-A2,16
turn+level12,6_B2-B1,35
turn+level12,6_B2-B2,5
turn+level12,7_A1-A1,7192
turn+level12,7_A1-A2,7468
turn+level12,7_A1-B1,11615
turn+level12,7_A1-B2,525
turn+level12,7_A2-A1,4796
turn+level12,7_A2-A2,6814
turn+level12,7_A2-B1,18694
turn+level12,7_A2-B2,897
turn+level12,7_B1-A1,3849
turn+level12,7_B1-A2,8314
turn+level12,7_B1-B1,20211
turn+level12,7_B1-B2,1370
turn+level12,7_B2-A1,216
turn+level12,7_B2-A2,477
turn+level12,7_B2-B1,1417
turn+level12,7_B2-B2,136
turn+raceno,1_1,7844
turn+raceno,1_10,7762
turn+raceno,1_11,7752
turn+raceno,1_12,7725
turn+raceno,1_2,7849
turn+raceno,1_3,7846
turn+raceno,1_4,7838
turn+raceno,1_5,7836
turn+raceno,1_6,7825
turn+raceno,1_7,7809
turn+raceno,1_8,7796
turn+raceno,1_9,7776
turn+raceno,2_1,7828
turn+raceno,2_10,7734
turn+raceno,2_11,7724
turn+raceno,2_12,7706
turn+raceno,2_2,7833
turn+raceno,2_3,7839
turn+raceno,2_4,7839
turn+raceno,2_5,7822
turn+raceno,2_6,7802
turn+raceno,2_7,7786
turn+raceno,2_8,7780
turn+raceno,2_9,7749
turn+raceno,3_1,7845
turn+raceno,3_10,7724
turn+raceno,3_11,7744
turn+raceno,3_12,7734
turn+raceno,3_2,7844
turn+raceno,3_3,7839
turn+raceno,3_4,7841
turn+raceno,3_5,7827
turn+raceno,3_6,7814
turn+raceno,3_7,7787
turn+raceno,3_8,7777
turn+raceno,3_9,7741
turn+raceno,4_1,6287
turn+raceno,4_10,6222
turn+raceno,4_11,6219
turn+raceno,4_12,6200
turn+raceno,4_2,6292
turn+raceno,4_3,6285
turn+raceno,4_4,6287
turn+raceno,4_5,6275
turn+raceno,4_6,6243
turn+raceno,4_7,6248
turn+raceno,4_8,6235
turn+raceno,4_9,6222
turn+raceno,5_1,4599
turn+raceno,5_10,4569
turn+raceno,5_11,4587
turn+raceno,5_12,4574
turn+raceno,5_2,4596
turn+raceno,5_3,4585
turn+raceno,5_4,4599
turn+raceno,5_5,4591
turn+raceno,5_6,4591
turn+raceno,5_7,4579
turn+raceno,5_8,4556
turn+raceno,5_9,4561
turn+raceno,6_1,245
turn+raceno,6_10,242
turn+raceno,6_11,243
turn+raceno,6_12,243
turn+raceno,6_2,245
turn+raceno,6_3,245
turn+raceno,6_4,246
turn+raceno,6_5,244
turn+raceno,6_6,242
turn+raceno,6_7,246
turn+raceno,6_8,244
turn+raceno,6_9,245
turn+raceno,7_1,7868
turn+raceno,7_10,7812
turn+raceno,7_11,7818
turn+raceno,7_12,7865
turn+raceno,7_2,7864
turn+raceno,7_3,7855
turn+raceno,7_4,7846
turn+raceno,7_5,7841
turn+raceno,7_6,7827
turn+raceno,7_7,7804
turn+raceno,7_8,7794
turn+raceno,7_9,7797
turn+racetype,1_1,62569
turn+racetype,1_2,6716
turn+racetype,1_3,1324
turn+racetype,1_4,4299
turn+racetype,1_5,4721
turn+racetype,1_else,14029
turn+racetype,2_1,62474
turn+racetype,2_2,7627
turn+racetype,2_3,1359
turn+racetype,2_4,4464
turn+racetype,2_5,5399
turn+racetype,2_else,12119
turn+racetype,3_1,55782
turn+racetype,3_2,6142
turn+racetype,3_3,8148
turn+racetype,3_4,4370
turn+racetype,3_5,4789
turn+racetype,3_6,2368
turn+racetype,3_else,11918
turn+racetype,4_1,34923
turn+racetype,4_2,3107
turn+racetype,4_3,15712
turn+racetype,4_4,2830
turn+racetype,4_5,2866
turn+racetype,4_6,4371
turn+racetype,4_else,11206
turn+racetype,5_1,1608
turn+racetype,5_2,187
turn+racetype,5_3,34728
turn+racetype,5_4,176
turn+racetype,5_5,76
turn+racetype,5_6,12159
turn+racetype,5_else,6053
turn+racetype,6_3,1893
turn+racetype,6_4,57
turn+racetype,6_6,661
turn+racetype,6_else,319
turn+racetype,7_3,62624
turn+racetype,7_4,15375
turn+racetype,7_5,74
turn+racetype,7_7,7367
turn+racetype,7_else,8551
turn+rank1+level1,1_1_A1,15284
turn+rank1+level1,1_1_A2,6139
turn+rank1+level1,1_1_B1,1917
turn+rank1+level1,1_1_B2,135
turn+rank1+level1,1_2_A1,2036
turn+rank1+level1,1_2_A2,3989
turn+rank1+level1,1_2_B1,8430
turn+rank1+level1,1_2_B2,279
turn+rank1+level1,1_3_A1,2255
turn+rank1+level1,1_3_A2,5295
turn+rank1+level1,1_3_B1,8431
turn+rank1+level1,1_3_B2,310
turn+rank1+level1,1_4_A1,2632
turn+rank1+level1,1_4_A2,5127
turn+rank1+level1,1_4_B1,8152
turn+rank1+level1,1_4_B2,319
turn+rank1+level1,1_5_A1,1681
turn+rank1+level1,1_5_A2,2914
turn+rank1+level1,1_5_B1,5632
turn+rank1+level1,1_5_B2,217
turn+rank1+level1,1_6_A1,1556
turn+rank1+level1,1_6_A2,3597
turn+rank1+level1,1_6_B1,7083
turn+rank1+level1,1_6_B2,248
turn+rank1+level1,2_1_A1,14716
turn+rank1+level1,2_1_A2,4588
turn+rank1+level1,2_1_B1,1782
turn+rank1+level1,2_1_B2,113
turn+rank1+level1,2_2_A1,1495
turn+rank1+level1,2_2_A2,4997
turn+rank1+level1,2_2_B1,8884
turn+rank1+level1,2_2_B2,417
turn+rank1+level1,2_3_A1,2354
turn+rank1+level1,2_3_A2,5102
turn+rank1+level1,2_3_B1,7301
turn+rank1+level1,2_3_B2,399
turn+rank1+level1,2_4_A1,2438
turn+rank1+level1,2_4_A2,4952
turn+rank1+level1,2_4_B1,6500
turn+rank1+level1,2_4_B2,355
turn+rank1+level1,2_5_A1,2039
turn+rank1+level1,2_5_A2,3942
turn+rank1+level1,2_5_B1,6437
turn+rank1+level1,2_5_B2,325
turn+rank1+level1,2_6_A1,1740
turn+rank1+level1,2_6_A2,4113
turn+rank1+level1,2_6_B1,8082
turn+rank1+level1,2_6_B2,371
turn+rank1+level1,3_1_A1,13785
turn+rank1+level1,3_1_A2,4383
turn+rank1+level1,3_1_B1,1432
turn+rank1+level1,3_1_B2,109
turn+rank1+level1,3_2_A1,1826
turn+rank1+level1,3_2_A2,4633
turn+rank1+level1,3_2_B1,9359
turn+rank1+level1,3_2_B2,569
turn+rank1+level1,3_3_A1,2267
turn+rank1+level1,3_3_A2,5043
turn+rank1+level1,3_3_B1,8709
turn+rank1+level1,3_3_B2,515
turn+rank1+level1,3_4_A1,2222
turn+rank1+level1,3_4_A2,4970
turn+rank1+level1,3_4_B1,7635
turn+rank1+level1,3_4_B2,441
turn+rank1+level1,3_5_A1,1952
turn+rank1+level1,3_5_A2,3819
turn+rank1+level1,3_5_B1,7147
turn+rank1+level1,3_5_B2,413
turn+rank1+level1,3_6_A1,1501
turn+rank1+level1,3_6_A2,3292
turn+rank1+level1,3_6_B1,7108
turn+rank1+level1,3_6_B2,387
turn+rank1+level1,4_1_A1,16642
turn+rank1+level1,4_1_A2,3694
turn+rank1+level1,4_1_B1,1072
turn+rank1+level1,4_1_B2,122
turn+rank1+level1,4_2_A1,2308
turn+rank1+level1,4_2_A2,3313
turn+rank1+level1,4_2_B1,7290
turn+rank1+level1,4_2_B2,637
turn+rank1+level1,4_3_A1,2434
turn+rank1+level1,4_3_A2,3491
turn+rank1+level1,4_3_B1,6724
turn+rank1+level1,4_3_B2,610
turn+rank1+level1,4_4_A1,2285
turn+rank1+level1,4_4_A2,3216
turn+rank1+level1,4_4_B1,6120
turn+rank1+level1,4_4_B2,516
turn+rank1+level1,4_5_A1,1369
turn+rank1+level1,4_5_A2,1946
turn+rank1+level1,4_5_B1,4474
turn+rank1+level1,4_5_B2,417
turn+rank1+level1,4_6_A1,947
turn+rank1+level1,4_6_A2,1391
turn+rank1+level1,4_6_B1,3676
turn+rank1+level1,4_6_B2,321
turn+rank1+level1,5_1_A1,11010
turn+rank1+level1,5_1_A2,4222
turn+rank1+level1,5_1_B1,1224
turn+rank1+level1,5_1_B2,122
turn+rank1+level1,5_2_A1,2311
turn+rank1+level1,5_2_A2,2586
turn+rank1+level1,5_2_B1,3381
turn+rank1+level1,5_2_B2,239
turn+rank1+level1,5_3_A1,1771
turn+rank1+level1,5_3_A2,3025
turn+rank1+level1,5_3_B1,3561
turn+rank1+level1,5_3_B2,255
turn+rank1+level1,5_4_A1,1620
turn+rank1+level1,5_4_A2,3314
turn+rank1+level1,5_4_B1,4109
turn+rank1+level1,5_4_B2,276
turn+rank1+level1,5_5_A1,1104
turn+rank1+level1,5_5_A2,2086
turn+rank1+level1,5_5_B1,2799
turn+rank1+level1,5_5_B2,176
turn+rank1+level1,5_6_A1,915
turn+rank1+level1,5_6_A2,2056
turn+rank1+level1,5_6_B1,2635
turn+rank1+level1,5_6_B2,190
turn+rank1+level1,6_1_A1,605
turn+rank1+level1,6_1_A2,185
turn+rank1+level1,6_1_B1,63
turn+rank1+level1,6_1_B2,8
turn+rank1+level1,6_2_A1,143
turn+rank1+level1,6_2_A2,136
turn+rank1+level1,6_2_B1,171
turn+rank1+level1,6_2_B2,8
turn+rank1+level1,6_3_A1,96
turn+rank1+level1,6_3_A2,143
turn+rank1+level1,6_3_B1,196
turn+rank1+level1,6_3_B2,19
turn+rank1+level1,6_4_A1,81
turn+rank1+level1,6_4_A2,175
turn+rank1+level1,6_4_B1,195
turn+rank1+level1,6_4_B2,17
turn+rank1+level1,6_5_A1,68
turn+rank1+level1,6_5_A2,101
turn+rank1+level1,6_5_B1,166
turn+rank1+level1,6_5_B2,2
turn+rank1+level1,6_6_A1,47
turn+rank1+level1,6_6_A2,135
turn+rank1+level1,6_6_B1,160
turn+rank1+level1,6_6_B2,10
turn+rank1+level1,7_1_A1,16333
turn+rank1+level1,7_1_A2,10019
turn+rank1+level1,7_1_B1,2568
turn+rank1+level1,7_1_B2,182
turn+rank1+level1,7_2_A1,2738
turn+rank1+level1,7_2_A2,4461
turn+rank1+level1,7_2_B1,7127
turn+rank1+level1,7_2_B2,505
turn+rank1+level1,7_3_A1,2145
turn+rank1+level1,7_3_A2,4423
turn+rank1+level1,7_3_B1,6638
turn+rank1+level1,7_3_B2,423
turn+rank1+level1,7_4_A1,2418
turn+rank1+level1,7_4_A2,5007
turn+rank1+level1,7_4_B1,6858
turn+rank1+level1,7_4_B2,474
turn+rank1+level1,7_5_A1,1713
turn+rank1+level1,7_5_A2,3713
turn+rank1+level1,7_5_B1,5293
turn+rank1+level1,7_5_B2,353
turn+rank1+level1,7_6_A1,1453
turn+rank1+level1,7_6_A2,3578
turn+rank1+level1,7_6_B1,5260
turn+rank1+level1,7_6_B2,309
turn+timezone,1_M,11302
turn+timezone,1_N,20125
turn+timezone,1_S,7868
turn+timezone,1_Z,54363
turn+timezone,2_M,11279
turn+timezone,2_N,19983
turn+timezone,2_S,7860
turn+timezone,2_Z,54320
turn+timezone,3_M,11287
turn+timezone,3_N,20034
turn+timezone,3_S,7823
turn+timezone,3_Z,54373
turn+timezone,4_M,10060
turn+timezone,4_N,17490
turn+timezone,4_S,5621
turn+timezone,4_Z,41844
turn+timezone,5_M,7913
turn+timezone,5_N,13024
turn+timezone,5_S,3589
turn+timezone,5_Z,30461
turn+timezone,6_M,404
turn+timezone,6_N,1374
turn+timezone,6_S,132
turn+timezone,6_Z,1020
turn+timezone,7_M,11385
turn+timezone,7_N,20117
turn+timezone,7_S,7896
turn+timezone,7_Z,54593
